id_Section,No_section,adm0code,adm0_en,adm0_fr,adm0_ht,adm1code,adm1_en,adm1_fr,adm1_ht,adm2code,adm2_en,adm2_fr,adm2_ht,adm3code,adm3_en,adm3_fr,IHSI_UNFPA_2019,IHSI_UNFPA_2019_female,IHSI_UNFPA_2019_male
111-01,1,HT,Haiti,Haïti,Ayiti,HT01,West,Ouest,Lwès,HT0111,Port-au-Prince,Port-au-Prince, ,HT0111-01,1re Section Turgeau,1re Section Turgeau,660 741,350 627,310 115
111-02,2,HT,Haiti,Haïti,Ayiti,HT01,West,Ouest,Lwès,HT0111,Port-au-Prince,Port-au-Prince, ,HT0111-02,2e Section Morne l'Hopital,2e Section Morne l'Hopital,199 766,105 735,94 031
111-03,3,HT,Haiti,Haïti,Ayiti,HT01,West,Ouest,Lwès,HT0111,Port-au-Prince,Port-au-Prince, ,HT0111-03,3e Section Martissant,3e Section Martissant,367 032,191 991,175 042
112-01,1,HT,Haiti,Haïti,Ayiti,HT01,West,Ouest,Lwès,HT0112,Delmas,Delmas, ,HT0112-01,1re Section St Martin,1re Section St Martin,491 434,258 526,232 908
113-01,1,HT,Haiti,Haïti,Ayiti,HT01,West,Ouest,Lwès,HT0113,Carrefour,Carrefour, ,HT0113-01,1re Section Morne Chandelle,1re Section Morne Chandelle,122,55,67
113-02,2,HT,Haiti,Haïti,Ayiti,HT01,West,Ouest,Lwès,HT0113,Carrefour,Carrefour, ,HT0113-02,2e Section Platon Dufrene,2e Section Platon Dufrene,1 200,504,696
113-03,3,HT,Haiti,Haïti,Ayiti,HT01,West,Ouest,Lwès,HT0113,Carrefour,Carrefour, ,HT0113-03,3e Section Taifer,3e Section Taïfer,855,337,518
113-04,4,HT,Haiti,Haïti,Ayiti,HT01,West,Ouest,Lwès,HT0113,Carrefour,Carrefour, ,HT0113-04,4e Section Procy,4e Section Procy,1 151,461,690
113-05,5,HT,Haiti,Haïti,Ayiti,HT01,West,Ouest,Lwès,HT0113,Carrefour,Carrefour, ,HT0113-05,5e Section Coupeau,5e Section Coupeau,1 487,619,868
113-06,6,HT,Haiti,Haïti,Ayiti,HT01,West,Ouest,Lwès,HT0113,Carrefour,Carrefour, ,HT0113-06,6e Section Bouvier,6e Section Bouvier,981,429,552
113-07,7,HT,Haiti,Haïti,Ayiti,HT01,West,Ouest,Lwès,HT0113,Carrefour,Carrefour, ,HT0113-07,7e Section Lavalle,7e Section Lavalle,1 654,696,957
113-08,8,HT,Haiti,Haïti,Ayiti,HT01,West,Ouest,Lwès,HT0113,Carrefour,Carrefour, ,HT0113-08,8e Section Berly,8e Section Berly,1 243,567,676
113-09,9,HT,Haiti,Haïti,Ayiti,HT01,West,Ouest,Lwès,HT0113,Carrefour,Carrefour, ,HT0113-09,9e Section Bizoton,9e Section Bizoton,54 972,28 496,26 476
113-10,10,HT,Haiti,Haïti,Ayiti,HT01,West,Ouest,Lwès,HT0113,Carrefour,Carrefour, ,HT0113-10,10e Section Thor,10e Section Thor,311 388,165 143,146 245
113-11,11,HT,Haiti,Haïti,Ayiti,HT01,West,Ouest,Lwès,HT0113,Carrefour,Carrefour, ,HT0113-11,11e Section Riviere Froide,11e Section Rivière Froide,258 965,135 437,123 527
113-12,12,HT,Haiti,Haïti,Ayiti,HT01,West,Ouest,Lwès,HT0113,Carrefour,Carrefour, ,HT0113-12,12e Section Malanga,12e Section Malanga,1 120,494,627
113-13,13,HT,Haiti,Haïti,Ayiti,HT01,West,Ouest,Lwès,HT0113,Carrefour,Carrefour, ,HT0113-13,13e Section Corail Thor,13e Section Corail Thor,627,262,364
114-01,1,HT,Haiti,Haïti,Ayiti,HT01,West,Ouest,Lwès,HT0114,Petion-Ville,Pétion-Ville, ,HT0114-01,1re Section Montagne Noire,1re Section Montagne Noire,29 064,15 002,14 062
114-02,2,HT,Haiti,Haïti,Ayiti,HT01,West,Ouest,Lwès,HT0114,Petion-Ville,Pétion-Ville, ,HT0114-02,2e Section Aux Cadets,2e Section Aux Cadets,1 996,1 547,449
114-03,3,HT,Haiti,Haïti,Ayiti,HT01,West,Ouest,Lwès,HT0114,Petion-Ville,Pétion-Ville, ,HT0114-03,3e Section Etang du Jonc,3e Section Etang du Jonc,120 560,60 262,60 297
114-04,4,HT,Haiti,Haïti,Ayiti,HT01,West,Ouest,Lwès,HT0114,Petion-Ville,Pétion-Ville, ,HT0114-04,4e Section Bellevue la Montagne,4e Section Bellevue la Montagne,11 875,9 294,2 581
114-05,5,HT,Haiti,Haïti,Ayiti,HT01,West,Ouest,Lwès,HT0114,Petion-Ville,Pétion-Ville, ,HT0114-05,5e Section Bellevue Chardonniere,5e Section Bellevue Chardonnière,305 031,155 302,149 729
115-01,1,HT,Haiti,Haïti,Ayiti,HT01,West,Ouest,Lwès,HT0115,Kenscoff,Kenscoff, ,HT0115-01,1re Section Nouvelle Touraine,1re Section Nouvelle Touraine,15 799,7 995,7 804
115-02,2,HT,Haiti,Haïti,Ayiti,HT01,West,Ouest,Lwès,HT0115,Kenscoff,Kenscoff, ,HT0115-02,2e Section Bongars,2e Section Bongars,7 426,3 762,3 664
115-03,3,HT,Haiti,Haïti,Ayiti,HT01,West,Ouest,Lwès,HT0115,Kenscoff,Kenscoff, ,HT0115-03,3e Section Sourcailles,3e Section Sourcailles,36 347,17 764,18 583
115-04,4,HT,Haiti,Haïti,Ayiti,HT01,West,Ouest,Lwès,HT0115,Kenscoff,Kenscoff, ,HT0115-04,4e Section Belle Fontaine,4e Section Belle Fontaine,4 287,2 173,2 114
115-05,5,HT,Haiti,Haïti,Ayiti,HT01,West,Ouest,Lwès,HT0115,Kenscoff,Kenscoff, ,HT0115-05,5e Section Grand Fond,5e Section Grand Fond,7 549,3 914,3 635
116-01,1,HT,Haiti,Haïti,Ayiti,HT01,West,Ouest,Lwès,HT0116,Gressier,Gressier, ,HT0116-01,1re Section Morne a Bateau,1re Section Morne à Bateau,4 904,2 515,2 388
116-02,2,HT,Haiti,Haïti,Ayiti,HT01,West,Ouest,Lwès,HT0116,Gressier,Gressier, ,HT0116-02,2e Section Morne Chandelle,2e Section Morne Chandelle,24 648,12 269,12 379
116-03,3,HT,Haiti,Haïti,Ayiti,HT01,West,Ouest,Lwès,HT0116,Gressier,Gressier, ,HT0116-03,3e Section Petit Boucan,3e Section Petit Boucan,15 772,7 757,8 015
117-01,1,HT,Haiti,Haïti,Ayiti,HT01,West,Ouest,Lwès,HT0117,Cite Soleil,Cité Soleil, ,HT0117-01,2e Section des Varreux,2e Section des Varreux,66 485,34 598,31 887
117-02,2,HT,Haiti,Haïti,Ayiti,HT01,West,Ouest,Lwès,HT0117,Cite Soleil,Cité Soleil, ,HT0117-02,1re Section des Varreux,1re Section des Varreux,263 084,133 480,129 604
118-03,3,HT,Haiti,Haïti,Ayiti,HT01,West,Ouest,Lwès,HT0118,Tabarre,Tabarre, ,HT0118-03,3e Section Bellevue,3e Section Bellevue,121 242,63 950,57 292
118-04,4,HT,Haiti,Haïti,Ayiti,HT01,West,Ouest,Lwès,HT0118,Tabarre,Tabarre, ,HT0118-04,4e Section Bellevue,4e Section Bellevue,40 741,21 594,19 147
121-01,1,HT,Haiti,Haïti,Ayiti,HT01,West,Ouest,Lwès,HT0121,Leogane,Léogâne, ,HT0121-01,1re Section Dessources,1re Section Dessources,134 103,68 335,65 768
121-02,2,HT,Haiti,Haïti,Ayiti,HT01,West,Ouest,Lwès,HT0121,Leogane,Léogâne, ,HT0121-02,2e Section Petite Riviere,2e Section Petite Rivière,54 240,27 552,26 688
121-03,3,HT,Haiti,Haïti,Ayiti,HT01,West,Ouest,Lwès,HT0121,Leogane,Léogâne, ,HT0121-03,3e Section Grande Rivere,3e Section Grande Rivère,18 492,9 454,9 038
121-04,4,HT,Haiti,Haïti,Ayiti,HT01,West,Ouest,Lwès,HT0121,Leogane,Léogâne, ,HT0121-04,4e Section Fond de Boudin,4e Section Fond de Boudin,15 911,7 271,8 640
121-05,5,HT,Haiti,Haïti,Ayiti,HT01,West,Ouest,Lwès,HT0121,Leogane,Léogâne, ,HT0121-05,5e Section Palmiste a Vin,5e Section Palmiste à Vin,5 602,2 710,2 892
121-06,6,HT,Haiti,Haïti,Ayiti,HT01,West,Ouest,Lwès,HT0121,Leogane,Léogâne, ,HT0121-06,6e Section Orangers,6e Section Orangers,1 833,879,954
121-07,7,HT,Haiti,Haïti,Ayiti,HT01,West,Ouest,Lwès,HT0121,Leogane,Léogâne, ,HT0121-07,7e Section Parques,7e Section Parques,2 039,1 011,1 028
121-08,8,HT,Haiti,Haïti,Ayiti,HT01,West,Ouest,Lwès,HT0121,Leogane,Léogâne, ,HT0121-08,8e Section Beausejour,8e Section Beausejour,2 009,1 005,1 005
121-09,9,HT,Haiti,Haïti,Ayiti,HT01,West,Ouest,Lwès,HT0121,Leogane,Léogâne, ,HT0121-09,9e Section Citronniers,9e Section Citronniers,1 563,741,822
121-10,10,HT,Haiti,Haïti,Ayiti,HT01,West,Ouest,Lwès,HT0121,Leogane,Léogâne, ,HT0121-10,10e Section Fond d'Oie,10e Section Fond d'Oie,3 930,1 902,2 028
121-11,11,HT,Haiti,Haïti,Ayiti,HT01,West,Ouest,Lwès,HT0121,Leogane,Léogâne, ,HT0121-11,11e Section Gros Morne,11e Section Gros Morne,3 216,1 618,1 599
121-12,12,HT,Haiti,Haïti,Ayiti,HT01,West,Ouest,Lwès,HT0121,Leogane,Léogâne, ,HT0121-12,12e Section Cormiers,12e Section Cormiers,2 668,1 274,1 394
121-13,13,HT,Haiti,Haïti,Ayiti,HT01,West,Ouest,Lwès,HT0121,Leogane,Léogâne, ,HT0121-13,13e Section Petit Harpon,13e Section Petit Harpon,2 825,1 329,1 496
122-01,1,HT,Haiti,Haïti,Ayiti,HT01,West,Ouest,Lwès,HT0122,Petit-Goave,Petit-Goâve, ,HT0122-01,1re Section Bino,1re Section Bino,35 346,17 402,17 945
122-02,2,HT,Haiti,Haïti,Ayiti,HT01,West,Ouest,Lwès,HT0122,Petit-Goave,Petit-Goâve, ,HT0122-02,2e Section Delatre,2e Section Delatre,3 948,1 823,2 125
122-03,3,HT,Haiti,Haïti,Ayiti,HT01,West,Ouest,Lwès,HT0122,Petit-Goave,Petit-Goâve, ,HT0122-03,3e Section Trou Chouchou,3e Section Trou Chouchou,1 981,875,1 105
122-04,4,HT,Haiti,Haïti,Ayiti,HT01,West,Ouest,Lwès,HT0122,Petit-Goave,Petit-Goâve, ,HT0122-04,4e Section Fond Arabie,4e Section Fond Arabie,1 792,780,1 012
122-05,5,HT,Haiti,Haïti,Ayiti,HT01,West,Ouest,Lwès,HT0122,Petit-Goave,Petit-Goâve, ,HT0122-05,5e Section Trou Canari,5e Section Trou Canari,647,279,368
122-06,6,HT,Haiti,Haïti,Ayiti,HT01,West,Ouest,Lwès,HT0122,Petit-Goave,Petit-Goâve, ,HT0122-06,6e Section Trou Canari,6e Section Trou Canari,2 559,1 136,1 422
122-07,7,HT,Haiti,Haïti,Ayiti,HT01,West,Ouest,Lwès,HT0122,Petit-Goave,Petit-Goâve, ,HT0122-07,7e Section des Platons,7e Section des Platons,855,385,470
122-08,8,HT,Haiti,Haïti,Ayiti,HT01,West,Ouest,Lwès,HT0122,Petit-Goave,Petit-Goâve, ,HT0122-08,8e Section des Platons,8e Section des Platons,4 958,2 211,2 748
122-09,9,HT,Haiti,Haïti,Ayiti,HT01,West,Ouest,Lwès,HT0122,Petit-Goave,Petit-Goâve, ,HT0122-09,9e Section des Palmes,9e Section des Palmes,2 097,954,1 144
122-10,10,HT,Haiti,Haïti,Ayiti,HT01,West,Ouest,Lwès,HT0122,Petit-Goave,Petit-Goâve, ,HT0122-10,10e Section des Palmes,10e Section des Palmes,1 296,578,717
122-11,11,HT,Haiti,Haïti,Ayiti,HT01,West,Ouest,Lwès,HT0122,Petit-Goave,Petit-Goâve, ,HT0122-11,11e Section Ravine Seche,11e Section Ravine Sèche,136 191,68 017,68 174
122-12,12,HT,Haiti,Haïti,Ayiti,HT01,West,Ouest,Lwès,HT0122,Petit-Goave,Petit-Goâve, ,HT0122-12,12e Section des Fourques,12e Section des Fourques,23 382,11 871,11 511
123-01,1,HT,Haiti,Haïti,Ayiti,HT01,West,Ouest,Lwès,HT0123,Grand-Goave,Grand-Goâve, ,HT0123-01,1re Section Tete-a-Boeuf,1re Section Tête-à-Boeuf,60 870,30 169,30 701
123-02,2,HT,Haiti,Haïti,Ayiti,HT01,West,Ouest,Lwès,HT0123,Grand-Goave,Grand-Goâve, ,HT0123-02,2e Section Tete-a-Boeuf,2e Section Tête-à-Boeuf,12 759,6 387,6 372
123-03,3,HT,Haiti,Haïti,Ayiti,HT01,West,Ouest,Lwès,HT0123,Grand-Goave,Grand-Goâve, ,HT0123-03,3e Section Moussambe,3e Section Moussambe,4 178,2 163,2 014
123-04,4,HT,Haiti,Haïti,Ayiti,HT01,West,Ouest,Lwès,HT0123,Grand-Goave,Grand-Goâve, ,HT0123-04,4e Section Moussambe,4e Section Moussambe,8 413,4 272,4 141
123-05,5,HT,Haiti,Haïti,Ayiti,HT01,West,Ouest,Lwès,HT0123,Grand-Goave,Grand-Goâve, ,HT0123-05,5e Section Grande Colline,5e Section Grande Colline,6 420,3 157,3 264
123-06,6,HT,Haiti,Haïti,Ayiti,HT01,West,Ouest,Lwès,HT0123,Grand-Goave,Grand-Goâve, ,HT0123-06,6e Section Grande Colline,6e Section Grande Colline,5 712,2 825,2 887
123-07,7,HT,Haiti,Haïti,Ayiti,HT01,West,Ouest,Lwès,HT0123,Grand-Goave,Grand-Goâve, ,HT0123-07,7e Section Gerard,7e Section Gerard,71 362,40 582,30 781
131-01,1,HT,Haiti,Haïti,Ayiti,HT01,West,Ouest,Lwès,HT0131,Croix-Des-Bouquets,Croix-Des-Bouquets, ,HT0131-01,1re Section des Varreux,1re Section des Varreux,27 242,14 868,12 375
131-02,2,HT,Haiti,Haïti,Ayiti,HT01,West,Ouest,Lwès,HT0131,Croix-Des-Bouquets,Croix-Des-Bouquets, ,HT0131-02,2e Section des Varreux,2e Section des Varreux,127 899,61 654,66 245
131-03,3,HT,Haiti,Haïti,Ayiti,HT01,West,Ouest,Lwès,HT0131,Croix-Des-Bouquets,Croix-Des-Bouquets, ,HT0131-03,3e Section Petit Bois,3e Section Petit Bois,101 666,53 088,48 578
131-04,4,HT,Haiti,Haïti,Ayiti,HT01,West,Ouest,Lwès,HT0131,Croix-Des-Bouquets,Croix-Des-Bouquets, ,HT0131-04,4e Section Petit Bois,4e Section Petit Bois,9 110,5 016,4 094
131-05,5,HT,Haiti,Haïti,Ayiti,HT01,West,Ouest,Lwès,HT0131,Croix-Des-Bouquets,Croix-Des-Bouquets, ,HT0131-05,5e Section Petit Bois,5e Section Petit Bois,14 657,8 018,6 639
131-06,6,HT,Haiti,Haïti,Ayiti,HT01,West,Ouest,Lwès,HT0131,Croix-Des-Bouquets,Croix-Des-Bouquets, ,HT0131-06,6e Section Belle Fontaine,6e Section Belle Fontaine,2 551,1 324,1 227
131-07,7,HT,Haiti,Haïti,Ayiti,HT01,West,Ouest,Lwès,HT0131,Croix-Des-Bouquets,Croix-Des-Bouquets, ,HT0131-07,7e Section Belle Fontaine,7e Section Belle Fontaine,4 878,2 622,2 255
131-08,8,HT,Haiti,Haïti,Ayiti,HT01,West,Ouest,Lwès,HT0131,Croix-Des-Bouquets,Croix-Des-Bouquets, ,HT0131-08,8e Section Belle Fontaine,8e Section Belle Fontaine,8 915,4 665,4 250
131-09,9,HT,Haiti,Haïti,Ayiti,HT01,West,Ouest,Lwès,HT0131,Croix-Des-Bouquets,Croix-Des-Bouquets, ,HT0131-09,9e Section des Crochus,9e Section des Crochus,4 303,2 296,2 007
131-10,10,HT,Haiti,Haïti,Ayiti,HT01,West,Ouest,Lwès,HT0131,Croix-Des-Bouquets,Croix-Des-Bouquets, ,HT0131-10,10e Section des Orangers,10e Section des Orangers,9 146,4 718,4 427
132-01,1,HT,Haiti,Haïti,Ayiti,HT01,West,Ouest,Lwès,HT0132,Thomazeau,Thomazeau, ,HT0132-01,1re Section Grande Plaine,1re Section Grande Plaine,35 741,17 139,18 602
132-02,2,HT,Haiti,Haïti,Ayiti,HT01,West,Ouest,Lwès,HT0132,Thomazeau,Thomazeau, ,HT0132-02,2e Section Grande Plaine,2e Section Grande Plaine,6 729,3 348,3 381
132-03,3,HT,Haiti,Haïti,Ayiti,HT01,West,Ouest,Lwès,HT0132,Thomazeau,Thomazeau, ,HT0132-03,3e Section Trou d'Eau,3e Section Trou d'Eau,7 991,3 815,4 176
132-04,4,HT,Haiti,Haïti,Ayiti,HT01,West,Ouest,Lwès,HT0132,Thomazeau,Thomazeau, ,HT0132-04,4e Section des Crochus,4e Section des Crochus,15 386,7 889,7 497
133-01,1,HT,Haiti,Haïti,Ayiti,HT01,West,Ouest,Lwès,HT0133,Ganthier,Ganthier, ,HT0133-01,1re Section Galette Chambon,1re Section Galette Chambon,7 935,4 224,3 711
133-02,2,HT,Haiti,Haïti,Ayiti,HT01,West,Ouest,Lwès,HT0133,Ganthier,Ganthier, ,HT0133-02,2e Section Balan,2e Section Balan,7 727,4 054,3 673
133-03,3,HT,Haiti,Haïti,Ayiti,HT01,West,Ouest,Lwès,HT0133,Ganthier,Ganthier, ,HT0133-03,3e Section Fond Parisien,3e Section Fond Parisien,35 070,17 109,17 961
133-04,4,HT,Haiti,Haïti,Ayiti,HT01,West,Ouest,Lwès,HT0133,Ganthier,Ganthier, ,HT0133-04,5e Section Pays Pourri,5e Section Pays Pourri,5 546,2 931,2 616
133-05,5,HT,Haiti,Haïti,Ayiti,HT01,West,Ouest,Lwès,HT0133,Ganthier,Ganthier, ,HT0133-05,4e Section Mare Roseaux,4e Section Mare Roseaux,21 471,10 376,11 095
134-01,1,HT,Haiti,Haïti,Ayiti,HT01,West,Ouest,Lwès,HT0134,Cornillon / Grand Bois,Cornillon / Grand Bois, ,HT0134-01,1re Section Plaine Celeste,"1re Section Plaine Céleste
",15 721,7 685,8 036
134-02,2,HT,Haiti,Haïti,Ayiti,HT01,West,Ouest,Lwès,HT0134,Cornillon / Grand Bois,Cornillon / Grand Bois, ,HT0134-02,2e Section Plaine Celeste,2e Section Plaine Céleste,12 776,6 234,6 542
134-03,3,HT,Haiti,Haïti,Ayiti,HT01,West,Ouest,Lwès,HT0134,Cornillon / Grand Bois,Cornillon / Grand Bois, ,HT0134-03,3e Section Boucan Bois Pin,3e Section Boucan Bois Pin,16 488,7 983,8 504
134-04,4,HT,Haiti,Haïti,Ayiti,HT01,West,Ouest,Lwès,HT0134,Cornillon / Grand Bois,Cornillon / Grand Bois, ,HT0134-04,"4e Section Boucan Bois Pin","4e Section Boucan Bois Pin",18 783,9 153,9 630
134-05,5,HT,Haiti,Haïti,Ayiti,HT01,West,Ouest,Lwès,HT0134,Cornillon / Grand Bois,Cornillon / Grand Bois, ,HT0134-05,"5e Section Génipailler","5e Section Génipailler",10 409,4 958,5 451
135-01,1,HT,Haiti,Haïti,Ayiti,HT01,West,Ouest,Lwès,HT0135,Fonds-Verrettes,Fonds-Verrettes, ,HT0135-01,1re Section Fonds-Verrettes,1re Section Fonds-Verrettes,62 195,30 626,31 569
141-01,1,HT,Haiti,Haïti,Ayiti,HT01,West,Ouest,Lwès,HT0141,Arcahaie,Arcahaie, ,HT0141-01,1re Section Boucassin,1re Section Boucassin,4 041,2 135,1 906
141-02,2,HT,Haiti,Haïti,Ayiti,HT01,West,Ouest,Lwès,HT0141,Arcahaie,Arcahaie, ,HT0141-02,2e Section Fonds Baptiste,2e Section Fonds Baptiste,11 657,5 970,5 687
141-03,3,HT,Haiti,Haïti,Ayiti,HT01,West,Ouest,Lwès,HT0141,Arcahaie,Arcahaie, ,HT0141-03,3e Section des Vases,3e Section des Vases,116 107,57 608,58 499
141-04,4,HT,Haiti,Haïti,Ayiti,HT01,West,Ouest,Lwès,HT0141,Arcahaie,Arcahaie, ,HT0141-04,4e Section Montrouis,4e Section Montrouis,10 044,5 265,4 778
141-05,5,HT,Haiti,Haïti,Ayiti,HT01,West,Ouest,Lwès,HT0141,Arcahaie,Arcahaie, ,HT0141-05,5e Section Delices,5e Section Delices,9 630,4 695,4 935
141-06,6,HT,Haiti,Haïti,Ayiti,HT01,West,Ouest,Lwès,HT0141,Arcahaie,Arcahaie, ,HT0141-06,6e Section Matheux,6e Section Matheux,10 533,5 267,5 267
142-01,1,HT,Haiti,Haïti,Ayiti,HT01,West,Ouest,Lwès,HT0142,Cabaret,Cabaret, ,HT0142-01,1re Section Boucassin,1re Section Boucassin,1 056,598,458
142-02,2,HT,Haiti,Haïti,Ayiti,HT01,West,Ouest,Lwès,HT0142,Cabaret,Cabaret, ,HT0142-02,2e Section Boucassin,2e Section Boucassin,78 301,39 106,39 195
142-03,3,HT,Haiti,Haïti,Ayiti,HT01,West,Ouest,Lwès,HT0142,Cabaret,Cabaret, ,HT0142-03,3e Section Source Matelas,3e Section Source Matelas,2 235,1 253,982
142-04,4,HT,Haiti,Haïti,Ayiti,HT01,West,Ouest,Lwès,HT0142,Cabaret,Cabaret, ,HT0142-04,4e Section Fonds des Blancs (Casale),4e Section Fonds des Blancs (Casale),3 257,1 759,1 498
151-01,1,HT,Haiti,Haïti,Ayiti,HT01,West,Ouest,Lwès,HT0151,Anse a Galets,Anse à Galets, ,HT0151-01,1re Section Palma,1re Section Palma,3 177,1 720,1 457
151-02,2,HT,Haiti,Haïti,Ayiti,HT01,West,Ouest,Lwès,HT0151,Anse a Galets,Anse à Galets, ,HT0151-02,2e Section Petite Source,2e Section Petite Source,64 102,31 339,32 763
151-03,3,HT,Haiti,Haïti,Ayiti,HT01,West,Ouest,Lwès,HT0151,Anse a Galets,Anse à Galets, ,HT0151-03,3e Section Grande Source,3e Section Grande Source,2 650,1 465,1 185
151-04,4,HT,Haiti,Haïti,Ayiti,HT01,West,Ouest,Lwès,HT0151,Anse a Galets,Anse à Galets, ,HT0151-04,4e Section Grand Lagon,4e Section Grand Lagon,5 263,2 856,2 407
151-05,5,HT,Haiti,Haïti,Ayiti,HT01,West,Ouest,Lwès,HT0151,Anse a Galets,Anse à Galets, ,HT0151-05,5e Section Picmy,5e Section Picmy,920,506,414
151-06,6,HT,Haiti,Haïti,Ayiti,HT01,West,Ouest,Lwès,HT0151,Anse a Galets,Anse à Galets, ,HT0151-06,6e Section Petite Anse,6e Section Petite Anse,1 670,890,780
152-01,1,HT,Haiti,Haïti,Ayiti,HT01,West,Ouest,Lwès,HT0152,Pointe a Raquette,Pointe à Raquette, ,HT0152-01,5e Section Gros Mangle,5e Section Gros Mangle,2 785,1 383,1 402
152-02,2,HT,Haiti,Haïti,Ayiti,HT01,West,Ouest,Lwès,HT0152,Pointe a Raquette,Pointe à Raquette, ,HT0152-02,1re Section la Source,1re Section la Source,4 269,2 064,2 206
152-03,3,HT,Haiti,Haïti,Ayiti,HT01,West,Ouest,Lwès,HT0152,Pointe a Raquette,Pointe à Raquette, ,HT0152-03,2e Section Grand Vide,2e Section Grand Vide,5 083,2 438,2 644
152-04,4,HT,Haiti,Haïti,Ayiti,HT01,West,Ouest,Lwès,HT0152,Pointe a Raquette,Pointe à Raquette, ,HT0152-04,3e Section Trou Louis,3e Section Trou Louis,7 353,3 501,3 852
152-05,5,HT,Haiti,Haïti,Ayiti,HT01,West,Ouest,Lwès,HT0152,Pointe a Raquette,Pointe à Raquette, ,HT0152-05,4e Section Pointe a Raquette,4e Section Pointe à Raquette,10 993,5 245,5 748
211-01,1,HT,Haiti,Haïti,Ayiti,HT02,South-East,Sud-Est,Sidès,HT0211,Jacmel,Jacmel, ,HT0211-01,1re Section Bas Cap Rouge,1re Section Bas Cap Rouge,94 073,48 357,45 715
211-02,2,HT,Haiti,Haïti,Ayiti,HT02,South-East,Sud-Est,Sidès,HT0211,Jacmel,Jacmel, ,HT0211-02,2e Section Fond Melon (Selles),2e Section Fond Melon (Selles),2 672,1 446,1 227
211-03,3,HT,Haiti,Haïti,Ayiti,HT02,South-East,Sud-Est,Sidès,HT0211,Jacmel,Jacmel, ,HT0211-03,3e Section Cochon Gras,3e Section Cochon Gras,18 480,9 178,9 302
211-04,4,HT,Haiti,Haïti,Ayiti,HT02,South-East,Sud-Est,Sidès,HT0211,Jacmel,Jacmel, ,HT0211-04,4e Section La Gosseline,4e Section La Gosseline,7 536,3 849,3 687
211-05,5,HT,Haiti,Haïti,Ayiti,HT02,South-East,Sud-Est,Sidès,HT0211,Jacmel,Jacmel, ,HT0211-05,5e Section Marbial,5e Section Marbial,3 478,1 679,1 799
211-06,6,HT,Haiti,Haïti,Ayiti,HT02,South-East,Sud-Est,Sidès,HT0211,Jacmel,Jacmel, ,HT0211-06,6e Section Montagne La Voûte,6e Section Montagne La Voûte,59 071,30 114,28 958
211-07,7,HT,Haiti,Haïti,Ayiti,HT02,South-East,Sud-Est,Sidès,HT0211,Jacmel,Jacmel, ,HT0211-07,7e Section Grande Riviere de Jacmel,7e Section Grande Rivière de Jacmel,9 617,4 636,4 981
211-08,8,HT,Haiti,Haïti,Ayiti,HT02,South-East,Sud-Est,Sidès,HT0211,Jacmel,Jacmel, ,HT0211-08,8e Section Bas Coq Chante,8e Section Bas Coq Chante,15 262,7 372,7 890
211-09,9,HT,Haiti,Haïti,Ayiti,HT02,South-East,Sud-Est,Sidès,HT0211,Jacmel,Jacmel, ,HT0211-09,9e Section Haut Coq Chante,9e Section Haut Coq Chante,8 834,4 205,4 629
211-10,10,HT,Haiti,Haïti,Ayiti,HT02,South-East,Sud-Est,Sidès,HT0211,Jacmel,Jacmel, ,HT0211-10,10e Section La Vanneau,10e Section La Vanneau,14 966,7 445,7 520
211-11,11,HT,Haiti,Haïti,Ayiti,HT02,South-East,Sud-Est,Sidès,HT0211,Jacmel,Jacmel, ,HT0211-11,11e Section La Montagne,11e Section La Montagne,30 610,15 562,15 048
212-01,1,HT,Haiti,Haïti,Ayiti,HT02,South-East,Sud-Est,Sidès,HT0212,Marigot,Marigot, ,HT0212-01,1re Section Corail Soult,1re Section Corail Soult,26 814,14 515,12 299
212-02,2,HT,Haiti,Haïti,Ayiti,HT02,South-East,Sud-Est,Sidès,HT0212,Marigot,Marigot, ,HT0212-02,2e Section Grande Riviere Fesles,2e Section Grande Rivière Fesles,9 855,5 153,4 701
212-03,3,HT,Haiti,Haïti,Ayiti,HT02,South-East,Sud-Est,Sidès,HT0212,Marigot,Marigot, ,HT0212-03,3e Section Macary,3e Section Macary,24 784,13 065,11 719
212-04,4,HT,Haiti,Haïti,Ayiti,HT02,South-East,Sud-Est,Sidès,HT0212,Marigot,Marigot, ,HT0212-04,4e Section Fond Jean Noël,4e Section Fond Jean Noël,23 933,12 414,11 519
212-05,5,HT,Haiti,Haïti,Ayiti,HT02,South-East,Sud-Est,Sidès,HT0212,Marigot,Marigot, ,HT0212-05,5e Section Savane Dubois,5e Section Savane Dubois,20 170,10 184,9 986
213-01,1,HT,Haiti,Haïti,Ayiti,HT02,South-East,Sud-Est,Sidès,HT0213,Cayes-Jacmel,Cayes-Jacmel, ,HT0213-01,1re Section Ravine Normande,1re Section Ravine Normande,16 760,8 582,8 179
213-02,2,HT,Haiti,Haïti,Ayiti,HT02,South-East,Sud-Est,Sidès,HT0213,Cayes-Jacmel,Cayes-Jacmel, ,HT0213-02,2e Section Gaillard,2e Section Gaillard,22 288,11 497,10 792
213-03,3,HT,Haiti,Haïti,Ayiti,HT02,South-East,Sud-Est,Sidès,HT0213,Cayes-Jacmel,Cayes-Jacmel, ,HT0213-03,3e Section Haut Cap Rouge,3e Section Haut Cap Rouge,8 522,4 403,4 119
213-04,4,HT,Haiti,Haïti,Ayiti,HT02,South-East,Sud-Est,Sidès,HT0213,Cayes-Jacmel,Cayes-Jacmel, ,HT0213-04,2e Section Fond Melon Michineau,2e Section Fond Melon Michineau,9 444,4 827,4 617
214-01,1,HT,Haiti,Haïti,Ayiti,HT02,South-East,Sud-Est,Sidès,HT0214,La Vallee,La Vallée, ,HT0214-01,1re Section La Vallee de Jacmel ou Muzac,1re Section La Vallee de Jacmel ou Muzac,22 852,10 738,12 114
214-02,2,HT,Haiti,Haïti,Ayiti,HT02,South-East,Sud-Est,Sidès,HT0214,La Vallee,La Vallée, ,HT0214-02,2e Section La Vallee de Bainet ou Ternier,2e Section La Vallee de Bainet ou Ternier,14 114,6 674,7 440
214-03,3,HT,Haiti,Haïti,Ayiti,HT02,South-East,Sud-Est,Sidès,HT0214,La Vallee,La Vallée, ,HT0214-03,3e Section Morne a Brûler,3e Section Morne à Brûler,14 508,7 064,7 444
221-01,1,HT,Haiti,Haïti,Ayiti,HT02,South-East,Sud-Est,Sidès,HT0221,Bainet,Bainet, ,HT0221-01,1re Section Bresilienne,1re Section Bresilienne,15 522,7 563,7 960
221-02,2,HT,Haiti,Haïti,Ayiti,HT02,South-East,Sud-Est,Sidès,HT0221,Bainet,Bainet, ,HT0221-02,2e Section Trou Mahot,2e Section Trou Mahot,14 317,6 999,7 318
221-03,3,HT,Haiti,Haïti,Ayiti,HT02,South-East,Sud-Est,Sidès,HT0221,Bainet,Bainet, ,HT0221-03,3e Section La Vallee de Bainet,3e Section La Vallee de Bainet,14 836,7 108,7 728
221-04,4,HT,Haiti,Haïti,Ayiti,HT02,South-East,Sud-Est,Sidès,HT0221,Bainet,Bainet, ,HT0221-04,4e Section Haut Grandou,4e Section Haut Grandou,7 303,3 568,3 735
221-05,5,HT,Haiti,Haïti,Ayiti,HT02,South-East,Sud-Est,Sidès,HT0221,Bainet,Bainet, ,HT0221-05,5e Section Bas de Grandou,5e Section Bas de Grandou,22 114,10 903,11 211
221-06,6,HT,Haiti,Haïti,Ayiti,HT02,South-East,Sud-Est,Sidès,HT0221,Bainet,Bainet, ,HT0221-06,6e Section Bas de Lacroix,6e Section Bas de Lacroix,2 665,1 300,1 365
221-07,7,HT,Haiti,Haïti,Ayiti,HT02,South-East,Sud-Est,Sidès,HT0221,Bainet,Bainet, ,HT0221-07,7e Section Bras Gauche,7e Section Bras Gauche,6 819,3 370,3 449
221-08,8,HT,Haiti,Haïti,Ayiti,HT02,South-East,Sud-Est,Sidès,HT0221,Bainet,Bainet, ,HT0221-08,8e Section Oranger,8e Section Oranger,12 166,6 092,6 075
221-09,9,HT,Haiti,Haïti,Ayiti,HT02,South-East,Sud-Est,Sidès,HT0221,Bainet,Bainet, ,HT0221-09,9e Section Bas des Gris Gris,9e Section Bas des Gris Gris,26 847,13 192,13 654
222-01,1,HT,Haiti,Haïti,Ayiti,HT02,South-East,Sud-Est,Sidès,HT0222,Cotes de Fer,Côtes de Fer, ,HT0222-01,1re Section Gris Gris,1re Section Gris Gris,24 022,11 313,12 709
222-02,2,HT,Haiti,Haïti,Ayiti,HT02,South-East,Sud-Est,Sidès,HT0222,Cotes de Fer,Côtes de Fer, ,HT0222-02,2e Section Labiche,2e Section Labiche,10 978,5 527,5 452
222-03,3,HT,Haiti,Haïti,Ayiti,HT02,South-East,Sud-Est,Sidès,HT0222,Cotes de Fer,Côtes de Fer, ,HT0222-03,3e Section Bras Gauche,3e Section Bras Gauche,3 873,1 898,1 975
222-04,4,HT,Haiti,Haïti,Ayiti,HT02,South-East,Sud-Est,Sidès,HT0222,Cotes de Fer,Côtes de Fer, ,HT0222-04,4e Section Amazone,4e Section Amazone,5 764,2 755,3 008
222-05,5,HT,Haiti,Haïti,Ayiti,HT02,South-East,Sud-Est,Sidès,HT0222,Cotes de Fer,Côtes de Fer, ,HT0222-05,5e Section Boucan Belier,5e Section Boucan Belier,5 029,2 298,2 731
222-06,6,HT,Haiti,Haïti,Ayiti,HT02,South-East,Sud-Est,Sidès,HT0222,Cotes de Fer,Côtes de Fer, ,HT0222-06,6e Section Jamais Vu,6e Section Jamais Vu,19 626,8 901,10 725
231-01,1,HT,Haiti,Haïti,Ayiti,HT02,South-East,Sud-Est,Sidès,HT0231,Belle Anse,Belle Anse, ,HT0231-01,1re Section Bais d'Orange,1re Section Bais d'Orange,13 968,7 312,6 655
231-02,2,HT,Haiti,Haïti,Ayiti,HT02,South-East,Sud-Est,Sidès,HT0231,Belle Anse,Belle Anse, ,HT0231-02,2e Section Mabriole,2e Section Mabriole,15 406,7 948,7 458
231-03,3,HT,Haiti,Haïti,Ayiti,HT02,South-East,Sud-Est,Sidès,HT0231,Belle Anse,Belle Anse, ,HT0231-03,3e Section Callumette,3e Section Callumette,7 705,3 949,3 756
231-04,4,HT,Haiti,Haïti,Ayiti,HT02,South-East,Sud-Est,Sidès,HT0231,Belle Anse,Belle Anse, ,HT0231-04,4e Section Corail Lamothe,4e Section Corail Lamothe,14 327,7 341,6 986
231-05,5,HT,Haiti,Haïti,Ayiti,HT02,South-East,Sud-Est,Sidès,HT0231,Belle Anse,Belle Anse, ,HT0231-05,5e Section Bel Air,5e Section Bel Air,24 160,12 120,12 041
231-06,6,HT,Haiti,Haïti,Ayiti,HT02,South-East,Sud-Est,Sidès,HT0231,Belle Anse,Belle Anse, ,HT0231-06,6e Section Pichon,6e Section Pichon,13 178,6 626,6 552
231-07,7,HT,Haiti,Haïti,Ayiti,HT02,South-East,Sud-Est,Sidès,HT0231,Belle Anse,Belle Anse, ,HT0231-07,7e Section Mapou,7e Section Mapou,18 577,9 278,9 299
232-01,1,HT,Haiti,Haïti,Ayiti,HT02,South-East,Sud-Est,Sidès,HT0232,Grand Gosier,Grand Gosier, ,HT0232-01,1re Section Colline des Chenes ou Bodarie,1re Section Colline des Chênes ou Bodarie,24 104,12 044,12 060
233-01,1,HT,Haiti,Haïti,Ayiti,HT02,South-East,Sud-Est,Sidès,HT0233,Thiotte,Thiotte, ,HT0233-01,1re Section Thiotte,1re Section Thiotte,35 610,17 736,17 874
233-02,2,HT,Haiti,Haïti,Ayiti,HT02,South-East,Sud-Est,Sidès,HT0233,Thiotte,Thiotte, ,HT0233-02,2e Section Pot de Chambre,2e Section Pot de Chambre,13 742,6 937,6 805
234-01,1,HT,Haiti,Haïti,Ayiti,HT02,South-East,Sud-Est,Sidès,HT0234,Anse-a-Pitre,Anse-à-Pître, ,HT0234-01,1re Section Boucan Guillaume,1re Section Boucan Guillaume,24 160,11 718,12 442
234-02,2,HT,Haiti,Haïti,Ayiti,HT02,South-East,Sud-Est,Sidès,HT0234,Anse-a-Pitre,Anse-à-Pître, ,HT0234-02,2e Section Bois d'Orme,2e Section Bois d'Orme,18 437,9 356,9 082
311-01,1,HT,Haiti,Haïti,Ayiti,HT03,North,Nord,Nò,HT0311,Cap-Haitien,Cap-Haïtien, ,HT0311-01,1re Section Bande du Nord,1re Section Bande du Nord,25 274,14 178,11 096
311-02,2,HT,Haiti,Haïti,Ayiti,HT03,North,Nord,Nò,HT0311,Cap-Haitien,Cap-Haïtien, ,HT0311-02,2e Section Haut du Cap,2e Section Haut du Cap,163 205,87 282,75 923
311-03,3,HT,Haiti,Haïti,Ayiti,HT03,North,Nord,Nò,HT0311,Cap-Haitien,Cap-Haïtien, ,HT0311-03,3e Section Petit Anse,3e Section Petit Anse,109 732,58 188,51 544
312-01,1,HT,Haiti,Haïti,Ayiti,HT03,North,Nord,Nò,HT0312,Quartier Morin,Quartier Morin, ,HT0312-01,1re Section Basse Plaine,1re Section Basse Plaine,14 564,7 226,7 339
312-02,2,HT,Haiti,Haïti,Ayiti,HT03,North,Nord,Nò,HT0312,Quartier Morin,Quartier Morin, ,HT0312-02,2e Section Morne Pele,2e Section Morne Pele,15 168,7 367,7 801
313-01,1,HT,Haiti,Haïti,Ayiti,HT03,North,Nord,Nò,HT0313,Limonade,Limonade, ,HT0313-01,1re Section Basse Plaine,1re Section Basse Plaine,18 702,9 049,9 653
313-02,2,HT,Haiti,Haïti,Ayiti,HT03,North,Nord,Nò,HT0313,Limonade,Limonade, ,HT0313-02,2e Section Bois de Lance,2e Section Bois de Lance,12 199,5 905,6 293
313-03,3,HT,Haiti,Haïti,Ayiti,HT03,North,Nord,Nò,HT0313,Limonade,Limonade, ,HT0313-03,3e Section Roucou,3e Section Roucou,29 029,14 549,14 480
321-01,1,HT,Haiti,Haïti,Ayiti,HT03,North,Nord,Nò,HT0321,Acul du Nord,Acul du Nord, ,HT0321-01,1re Section Camp-Louise,1re Section Camp-Louise,9 635,4 726,4 909
321-02,2,HT,Haiti,Haïti,Ayiti,HT03,North,Nord,Nò,HT0321,Acul du Nord,Acul du Nord, ,HT0321-02,2e Section Bas de l'Acul (Basse Plaine),2e Section Bas de l'Acul (Basse Plaine),24 289,12 135,12 154
321-03,3,HT,Haiti,Haïti,Ayiti,HT03,North,Nord,Nò,HT0321,Acul du Nord,Acul du Nord, ,HT0321-03,3e Section Mornet,3e Section Mornet,11 940,6 105,5 835
321-04,4,HT,Haiti,Haïti,Ayiti,HT03,North,Nord,Nò,HT0321,Acul du Nord,Acul du Nord, ,HT0321-04,4e Section Grande Ravine,4e Section Grande Ravine,3 950,1 922,2 028
321-05,5,HT,Haiti,Haïti,Ayiti,HT03,North,Nord,Nò,HT0321,Acul du Nord,Acul du Nord, ,HT0321-05,5e Section Coupe a David,5e Section Coupe à David,3 061,1 462,1 600
321-06,6,HT,Haiti,Haïti,Ayiti,HT03,North,Nord,Nò,HT0321,Acul du Nord,Acul du Nord, ,HT0321-06,6e Section Soufriere,6e Section Soufrière,7 882,3 762,4 120
322-01,1,HT,Haiti,Haïti,Ayiti,HT03,North,Nord,Nò,HT0322,Plaine du Nord,Plaine du Nord, ,HT0322-01,1re Section Morne Rouge,1re Section Morne Rouge,15 723,7 951,7 773
322-02,2,HT,Haiti,Haïti,Ayiti,HT03,North,Nord,Nò,HT0322,Plaine du Nord,Plaine du Nord, ,HT0322-02,2e Section Basse Plaine,2e Section Basse Plaine,16 981,8 642,8 339
322-03,3,HT,Haiti,Haïti,Ayiti,HT03,North,Nord,Nò,HT0322,Plaine du Nord,Plaine du Nord, ,HT0322-03,3e Section Grand Boucan,3e Section Grand Boucan,10 675,5 557,5 119
322-04,4,HT,Haiti,Haïti,Ayiti,HT03,North,Nord,Nò,HT0322,Plaine du Nord,Plaine du Nord, ,HT0322-04,4e Section Bassin Diamant,4e Section Bassin Diamant,1 455,719,736
323-01,1,HT,Haiti,Haïti,Ayiti,HT03,North,Nord,Nò,HT0323,Milot,Milot, ,HT0323-01,1re Section Perches-de-Bonnet,1re Section Perches-de-Bonnet,10 515,5 220,5 296
323-02,2,HT,Haiti,Haïti,Ayiti,HT03,North,Nord,Nò,HT0323,Milot,Milot, ,HT0323-02,2e Section Bonnet a l'Eveque,2e Section Bonnet à l'Evêque,14 607,7 414,7 193
323-03,3,HT,Haiti,Haïti,Ayiti,HT03,North,Nord,Nò,HT0323,Milot,Milot, ,HT0323-03,3e Section Genipailler,3e Section Genipailler,9 645,4 636,5 009
331-01,1,HT,Haiti,Haïti,Ayiti,HT03,North,Nord,Nò,HT0331,Grande Riviere Du Nord,Grande Riviere Du Nord, ,HT0331-01,1re Section Grand Gilles,1re Section Grand Gilles,4 255,2 052,2 203
331-02,2,HT,Haiti,Haïti,Ayiti,HT03,North,Nord,Nò,HT0331,Grande Riviere Du Nord,Grande Riviere Du Nord, ,HT0331-02,2e Section Solon,2e Section Solon,3 834,1 854,1 980
331-03,3,HT,Haiti,Haïti,Ayiti,HT03,North,Nord,Nò,HT0331,Grande Riviere Du Nord,Grande Riviere Du Nord, ,HT0331-03,3e Section Caracol,3e Section Caracol,3 386,1 607,1 779
331-04,4,HT,Haiti,Haïti,Ayiti,HT03,North,Nord,Nò,HT0331,Grande Riviere Du Nord,Grande Riviere Du Nord, ,HT0331-04,4e Section Gambade,4e Section Gambade,3 785,1 779,2 006
331-05,5,HT,Haiti,Haïti,Ayiti,HT03,North,Nord,Nò,HT0331,Grande Riviere Du Nord,Grande Riviere Du Nord, ,HT0331-05,5e Section Jolitrou,5e Section Jolitrou,7 619,3 585,4 034
331-06,6,HT,Haiti,Haïti,Ayiti,HT03,North,Nord,Nò,HT0331,Grande Riviere Du Nord,Grande Riviere Du Nord, ,HT0331-06,6e Section Cormiers,6e Section Cormiers,22 071,11 821,10 250
332-01,1,HT,Haiti,Haïti,Ayiti,HT03,North,Nord,Nò,HT0332,Bahon,Bahon, ,HT0332-01,1re Section Bois Pin,1re Section Bois Pin,7 033,3 412,3 620
332-02,2,HT,Haiti,Haïti,Ayiti,HT03,North,Nord,Nò,HT0332,Bahon,Bahon, ,HT0332-02,2e Section Bailly ou Bailla,2e Section Bailly ou Bailla,14 675,7 314,7 361
332-03,3,HT,Haiti,Haïti,Ayiti,HT03,North,Nord,Nò,HT0332,Bahon,Bahon, ,HT0332-03,3e Section Montagne Noire,3e Section Montagne Noire,3 561,1 758,1 803
341-01,1,HT,Haiti,Haïti,Ayiti,HT03,North,Nord,Nò,HT0341,Saint-Raphael,Saint-Raphaël, ,HT0341-01,1re Section Bois Neuf,1re Section Bois Neuf,5 647,2 843,2 804
341-02,2,HT,Haiti,Haïti,Ayiti,HT03,North,Nord,Nò,HT0341,Saint-Raphael,Saint-Raphaël, ,HT0341-02,2e Section Mathurin,2e Section Mathurin,4 003,1 870,2 132
341-03,3,HT,Haiti,Haïti,Ayiti,HT03,North,Nord,Nò,HT0341,Saint-Raphael,Saint-Raphaël, ,HT0341-03,3e Section Bouyaha,3e Section Bouyaha,8 000,3 856,4 144
341-04,4,HT,Haiti,Haïti,Ayiti,HT03,North,Nord,Nò,HT0341,Saint-Raphael,Saint-Raphaël, ,HT0341-04,4e Section San-Yago,4e Section San-Yago,40 770,20 347,20 422
342-01,1,HT,Haiti,Haïti,Ayiti,HT03,North,Nord,Nò,HT0342,Dondon,Dondon, ,HT0342-01,1re Section Brostage,1re Section Brostage,6 333,3 095,3 237
342-02,2,HT,Haiti,Haïti,Ayiti,HT03,North,Nord,Nò,HT0342,Dondon,Dondon, ,HT0342-02,2e Section Bassin Caiman,2e Section Bassin Caïman,4 300,2 097,2 203
342-03,3,HT,Haiti,Haïti,Ayiti,HT03,North,Nord,Nò,HT0342,Dondon,Dondon, ,HT0342-03,3e Section Matador,3e Section Matador,7 630,3 730,3 900
342-04,4,HT,Haiti,Haïti,Ayiti,HT03,North,Nord,Nò,HT0342,Dondon,Dondon, ,HT0342-04,4e Section Laguille,4e Section Laguille,15 955,7 969,7 986
342-05,5,HT,Haiti,Haïti,Ayiti,HT03,North,Nord,Nò,HT0342,Dondon,Dondon, ,HT0342-05,5e Section Haut du Trou,5e Section Haut du Trou,3 389,1 546,1 842
343-01,1,HT,Haiti,Haïti,Ayiti,HT03,North,Nord,Nò,HT0343,Ranquitte,Ranquitte, ,HT0343-01,1re Section Bac a Soude,1re Section Bac à Soude,13 582,6 602,6 980
343-02,2,HT,Haiti,Haïti,Ayiti,HT03,North,Nord,Nò,HT0343,Ranquitte,Ranquitte, ,HT0343-02,2e Section Bois de Lance,2e Section Bois de Lance,10 108,4 850,5 258
343-03,3,HT,Haiti,Haïti,Ayiti,HT03,North,Nord,Nò,HT0343,Ranquitte,Ranquitte, ,HT0343-03,3e Section Cracaraille,3e Section Cracaraille,6 417,3 219,3 198
344-01,1,HT,Haiti,Haïti,Ayiti,HT03,North,Nord,Nò,HT0344,Pignon,Pignon, ,HT0344-01,1re Section Savannette,1re Section Savannette,31 401,15 807,15 594
344-02,2,HT,Haiti,Haïti,Ayiti,HT03,North,Nord,Nò,HT0344,Pignon,Pignon, ,HT0344-02,2e Section la Belle Mere,2e Section la Belle Mère,15 616,7 618,7 998
345-01,1,HT,Haiti,Haïti,Ayiti,HT03,North,Nord,Nò,HT0345,La Victoire,La Victoire, ,HT0345-01,1re Section de la Victoire,1re Section de la Victoire,11 455,5 767,5 688
351-01,1,HT,Haiti,Haïti,Ayiti,HT03,North,Nord,Nò,HT0351,Borgne,Borgne, ,HT0351-01,1re Section Margot,1re Section Margot,13 000,6 592,6 408
351-02,2,HT,Haiti,Haïti,Ayiti,HT03,North,Nord,Nò,HT0351,Borgne,Borgne, ,HT0351-02,2e Section Boucan Michel,2e Section Boucan Michel,13 932,6 797,7 136
351-03,3,HT,Haiti,Haïti,Ayiti,HT03,North,Nord,Nò,HT0351,Borgne,Borgne, ,HT0351-03,3e Section Petit Bourgde Borgne,3e Section Petit Bourgde Borgne,14 669,7 528,7 141
351-04,4,HT,Haiti,Haïti,Ayiti,HT03,North,Nord,Nò,HT0351,Borgne,Borgne, ,HT0351-04,4e Section Trou d'Enfer,4e Section Trou d'Enfer,4 444,2 233,2 210
351-05,5,HT,Haiti,Haïti,Ayiti,HT03,North,Nord,Nò,HT0351,Borgne,Borgne, ,HT0351-05,5e Section Champagne,5e Section Champagne,1 719,829,890
351-06,6,HT,Haiti,Haïti,Ayiti,HT03,North,Nord,Nò,HT0351,Borgne,Borgne, ,HT0351-06,6e Section Molas,6e Section Molas,7 120,3 321,3 799
351-07,7,HT,Haiti,Haïti,Ayiti,HT03,North,Nord,Nò,HT0351,Borgne,Borgne, ,HT0351-07,7e Section Cote de Feret Fond Lagrange,7e Section Cote de Feret Fond Lagrange,17 843,9 203,8 640
352-01,1,HT,Haiti,Haïti,Ayiti,HT03,North,Nord,Nò,HT0352,Port-Margot,Port-Margot, ,HT0352-01,1re Section de Grande Plaine,1re Section de Grande Plaine,2 056,991,1 065
352-02,2,HT,Haiti,Haïti,Ayiti,HT03,North,Nord,Nò,HT0352,Port-Margot,Port-Margot, ,HT0352-02,2e Section Bas Petit Borgne,2e Section Bas Petit Borgne,20 260,9 977,10 283
352-03,3,HT,Haiti,Haïti,Ayiti,HT03,North,Nord,Nò,HT0352,Port-Margot,Port-Margot, ,HT0352-03,3e Section de Corail,3e Section de Corail,9 023,4 538,4 485
352-04,4,HT,Haiti,Haïti,Ayiti,HT03,North,Nord,Nò,HT0352,Port-Margot,Port-Margot, ,HT0352-04,4e Section Haut Petit Borgne,4e Section Haut Petit Borgne,3 196,1 588,1 608
352-05,5,HT,Haiti,Haïti,Ayiti,HT03,North,Nord,Nò,HT0352,Port-Margot,Port-Margot, ,HT0352-05,5e Section Bas Quartier,5e Section Bas Quartier,10 626,5 327,5 299
352-06,6,HT,Haiti,Haïti,Ayiti,HT03,North,Nord,Nò,HT0352,Port-Margot,Port-Margot, ,HT0352-06,6e Section Bras Gauche,6e Section Bras Gauche,9 044,4 543,4 501
361-01,3,HT,Haiti,Haïti,Ayiti,HT03,North,Nord,Nò,HT0361,Limbe,Limbé, ,HT0361-01,1re Section Haut Limbe ou Acul Jeannot,1re Section Haut Limbe ou Acul Jeannot,4 876,2 443,2 433
361-02,4,HT,Haiti,Haïti,Ayiti,HT03,North,Nord,Nò,HT0361,Limbe,Limbé, ,HT0361-02,2e Section Chabotte,2e Section Chabotte,3 756,1 811,1 945
361-03,5,HT,Haiti,Haïti,Ayiti,HT03,North,Nord,Nò,HT0361,Limbe,Limbé, ,HT0361-03,3e Section Camp Coq,3e Section Camp Coq,10 780,5 366,5 413
361-04,6,HT,Haiti,Haïti,Ayiti,HT03,North,Nord,Nò,HT0361,Limbe,Limbé, ,HT0361-04,4e Section Soufriere,4e Section Soufrière,5 953,2 931,3 022
361-05,7,HT,Haiti,Haïti,Ayiti,HT03,North,Nord,Nò,HT0361,Limbe,Limbé, ,HT0361-05,5e Section Ravine Desroches,5e Section Ravine Desroches,64 867,32 807,32 060
361-06,8,HT,Haiti,Haïti,Ayiti,HT03,North,Nord,Nò,HT0361,Limbe,Limbé, ,HT0361-06,6e Section Ilot-a-Corne,6e Section Ilot-à-Corne,2 470,1 202,1 268
362-01,1,HT,Haiti,Haïti,Ayiti,HT03,North,Nord,Nò,HT0362,Bas Limbe,Bas Limbé, ,HT0362-01,1re Section Garde Champetre (Bas Limbe),1re Section Garde Champètre (Bas Limbe),1 841,889,952
362-02,2,HT,Haiti,Haïti,Ayiti,HT03,North,Nord,Nò,HT0362,Bas Limbe,Bas Limbé, ,HT0362-02,2e Section Petit Howars (la Fange),2e Section Petit Howars (la Fange),20 871,10 597,10 274
371-01,1,HT,Haiti,Haïti,Ayiti,HT03,North,Nord,Nò,HT0371,Plaisance,Plaisance, ,HT0371-01,1re Section Gobert ou Colline Gobert,1re Section Gobert ou Colline Gobert,9 047,4 521,4 526
371-02,2,HT,Haiti,Haïti,Ayiti,HT03,North,Nord,Nò,HT0371,Plaisance,Plaisance, ,HT0371-02,2e Section Champagne,2e Section Champagne,4 039,2 085,1 954
371-03,3,HT,Haiti,Haïti,Ayiti,HT03,North,Nord,Nò,HT0371,Plaisance,Plaisance, ,HT0371-03,3e Section Haut Martineau,3e Section Haut Martineau,3 102,1 541,1 561
371-04,4,HT,Haiti,Haïti,Ayiti,HT03,North,Nord,Nò,HT0371,Plaisance,Plaisance, ,HT0371-04,4e Section Mapou,4e Section Mapou,6 810,3 462,3 347
371-05,5,HT,Haiti,Haïti,Ayiti,HT03,North,Nord,Nò,HT0371,Plaisance,Plaisance, ,HT0371-05,5e Section la Trouble,5e Section la Trouble,6 910,3 411,3 498
371-06,6,HT,Haiti,Haïti,Ayiti,HT03,North,Nord,Nò,HT0371,Plaisance,Plaisance, ,HT0371-06,6e Section la Ville,6e Section la Ville,6 693,3 277,3 417
371-07,7,HT,Haiti,Haïti,Ayiti,HT03,North,Nord,Nò,HT0371,Plaisance,Plaisance, ,HT0371-07,7e Section Bassin,7e Section Bassin,26 215,13 436,12 779
371-08,8,HT,Haiti,Haïti,Ayiti,HT03,North,Nord,Nò,HT0371,Plaisance,Plaisance, ,HT0371-08,8e Section Grande Riviere,8e Section Grande Rivière,12 804,6 429,6 375
372-01,1,HT,Haiti,Haïti,Ayiti,HT03,North,Nord,Nò,HT0372,Pilate,Pilate, ,HT0372-01,1re Section Ballon,1re Section Ballon,21 668,11 118,10 549
372-02,2,HT,Haiti,Haïti,Ayiti,HT03,North,Nord,Nò,HT0372,Pilate,Pilate, ,HT0372-02,2e Section Baudin,2e Section Baudin,4 784,2 430,2 354
372-03,3,HT,Haiti,Haïti,Ayiti,HT03,North,Nord,Nò,HT0372,Pilate,Pilate, ,HT0372-03,3e Section Ravine Trompette,3e Section Ravine Trompette,7 966,4 050,3 916
372-04,4,HT,Haiti,Haïti,Ayiti,HT03,North,Nord,Nò,HT0372,Pilate,Pilate, ,HT0372-04,4e Section Joly,4e Section Joly,3 584,1 819,1 765
372-05,5,HT,Haiti,Haïti,Ayiti,HT03,North,Nord,Nò,HT0372,Pilate,Pilate, ,HT0372-05,5e Section Dubourg,5e Section Dubourg,2 883,1 443,1 440
372-06,6,HT,Haiti,Haïti,Ayiti,HT03,North,Nord,Nò,HT0372,Pilate,Pilate, ,HT0372-06,6e Section Piment,6e Section Piment,3 042,1 504,1 538
372-07,7,HT,Haiti,Haïti,Ayiti,HT03,North,Nord,Nò,HT0372,Pilate,Pilate, ,HT0372-07,7e Section Riviere Laporte,7e Section Rivière Laporte,4 329,2 102,2 227
372-08,8,HT,Haiti,Haïti,Ayiti,HT03,North,Nord,Nò,HT0372,Pilate,Pilate, ,HT0372-08,8e Section Margot,8e Section Margot,10 484,5 291,5 192
411-01,1,HT,Haiti,Haïti,Ayiti,HT04,North-East,Nord-Est,Nòdès,HT0411,Fort-Liberte,Fort-Liberté, ,HT0411-01,1re Section Dumas,1re Section Dumas,28 164,14 388,13 776
411-02,2,HT,Haiti,Haïti,Ayiti,HT04,North-East,Nord-Est,Nòdès,HT0411,Fort-Liberte,Fort-Liberté, ,HT0411-02,2e Section Bayaha,2e Section Bayaha,3 577,1 689,1 889
411-03,3,HT,Haiti,Haïti,Ayiti,HT04,North-East,Nord-Est,Nòdès,HT0411,Fort-Liberte,Fort-Liberté, ,HT0411-03,3e Section Loiseau,3e Section Loiseau,3 616,1 806,1 810
411-04,4,HT,Haiti,Haïti,Ayiti,HT04,North-East,Nord-Est,Nòdès,HT0411,Fort-Liberte,Fort-Liberté, ,HT0411-04,4e Section Haut Madeleine,4e Section Haut Madeleine,3 489,1 769,1 720
412-01,1,HT,Haiti,Haïti,Ayiti,HT04,North-East,Nord-Est,Nòdès,HT0412,Ferrier,Ferrier, ,HT0412-01,1re Section Bas Maribahoux,1re Section Bas Maribahoux,16 519,8 028,8 491
413-01,1,HT,Haiti,Haïti,Ayiti,HT04,North-East,Nord-Est,Nòdès,HT0413,Perches,Perches, ,HT0413-01,1re Section Haut des Perches,1re Section Haut des Perches,2 349,1 146,1 203
413-02,2,HT,Haiti,Haïti,Ayiti,HT04,North-East,Nord-Est,Nòdès,HT0413,Perches,Perches, ,HT0413-02,2e Section Bas des Perches,2e Section Bas des Perches,10 689,5 261,5 428
421-01,1,HT,Haiti,Haïti,Ayiti,HT04,North-East,Nord-Est,Nòdès,HT0421,Ouanaminthe,Ouanaminthe, ,HT0421-01,1re Section Haut Maribahoux,1re Section Haut Maribahoux,95 075,48 300,46 776
421-02,2,HT,Haiti,Haïti,Ayiti,HT04,North-East,Nord-Est,Nòdès,HT0421,Ouanaminthe,Ouanaminthe, ,HT0421-02,2e Section Acul des Pins,2e Section Acul des Pins,5 446,2 738,2 708
421-03,3,HT,Haiti,Haïti,Ayiti,HT04,North-East,Nord-Est,Nòdès,HT0421,Ouanaminthe,Ouanaminthe, ,HT0421-03,3e Section Savane Longue,3e Section Savane Longue,10 789,5 422,5 367
421-04,4,HT,Haiti,Haïti,Ayiti,HT04,North-East,Nord-Est,Nòdès,HT0421,Ouanaminthe,Ouanaminthe, ,HT0421-04,4e Section Savane au Lait,4e Section Savane au Lait,4 797,2 412,2 385
421-05,5,HT,Haiti,Haïti,Ayiti,HT04,North-East,Nord-Est,Nòdès,HT0421,Ouanaminthe,Ouanaminthe, ,HT0421-05,5e Section Gens de Nantes,5e Section Gens de Nantes,3 624,1 821,1 803
422-01,1,HT,Haiti,Haïti,Ayiti,HT04,North-East,Nord-Est,Nòdès,HT0422,Capotille,Capotille, ,HT0422-01,1re Section Capotille,1re Section Capotille,14 969,7 316,7 653
422-02,2,HT,Haiti,Haïti,Ayiti,HT04,North-East,Nord-Est,Nòdès,HT0422,Capotille,Capotille, ,HT0422-02,2e Section Lamine,2e Section Lamine,6 896,3 348,3 548
423-01,1,HT,Haiti,Haïti,Ayiti,HT04,North-East,Nord-Est,Nòdès,HT0423,Mont-Organise,Mont-Organisé, ,HT0423-01,1re Section Savanette,1re Section Savanette,18 226,9 053,9 174
423-02,2,HT,Haiti,Haïti,Ayiti,HT04,North-East,Nord-Est,Nòdès,HT0423,Mont-Organise,Mont-Organisé, ,HT0423-02,2e Section Bois Poux,2e Section Bois Poux,5 436,2 705,2 730
431-01,1,HT,Haiti,Haïti,Ayiti,HT04,North-East,Nord-Est,Nòdès,HT0431,Trou du Nord,Trou du Nord, ,HT0431-01,1re Section Garcin,1re Section Garcin,2 648,1 314,1 333
431-02,2,HT,Haiti,Haïti,Ayiti,HT04,North-East,Nord-Est,Nòdès,HT0431,Trou du Nord,Trou du Nord, ,HT0431-02,2e Section Roucou,2e Section Roucou,43 579,22 329,21 250
431-03,3,HT,Haiti,Haïti,Ayiti,HT04,North-East,Nord-Est,Nòdès,HT0431,Trou du Nord,Trou du Nord, ,HT0431-03,3e Section Roche Plate,3e Section Roche Plate,8 973,4 455,4 518
432-01,1,HT,Haiti,Haïti,Ayiti,HT04,North-East,Nord-Est,Nòdès,HT0432,Sainte Suzanne,Sainte Suzanne, ,HT0432-01,1re Section Foulon,1re Section Foulon,3 625,1 735,1 890
432-02,2,HT,Haiti,Haïti,Ayiti,HT04,North-East,Nord-Est,Nòdès,HT0432,Sainte Suzanne,Sainte Suzanne, ,HT0432-02,2e Section Bois Blanc,2e Section Bois Blanc,3 745,1 804,1 942
432-03,3,HT,Haiti,Haïti,Ayiti,HT04,North-East,Nord-Est,Nòdès,HT0432,Sainte Suzanne,Sainte Suzanne, ,HT0432-03,3e Section Cotelette,3e Section Cotelette,3 151,1 507,1 644
432-04,4,HT,Haiti,Haïti,Ayiti,HT04,North-East,Nord-Est,Nòdès,HT0432,Sainte Suzanne,Sainte Suzanne, ,HT0432-04,4e Section Sarazin,4e Section Sarazin,4 756,2 291,2 465
432-05,5,HT,Haiti,Haïti,Ayiti,HT04,North-East,Nord-Est,Nòdès,HT0432,Sainte Suzanne,Sainte Suzanne, ,HT0432-05,5e Section Moka Neuf,5e Section Moka Neuf,5 556,2 660,2 896
432-06,6,HT,Haiti,Haïti,Ayiti,HT04,North-East,Nord-Est,Nòdès,HT0432,Sainte Suzanne,Sainte Suzanne, ,HT0432-06,6e Section Fond Bleu,6e Section Fond Bleu,10 790,5 171,5 618
433-01,1,HT,Haiti,Haïti,Ayiti,HT04,North-East,Nord-Est,Nòdès,HT0433,Terrier Rouge,Terrier Rouge, ,HT0433-01,1re Section Fond Blanc,1re Section Fond Blanc,19 957,9 900,10 058
433-02,2,HT,Haiti,Haïti,Ayiti,HT04,North-East,Nord-Est,Nòdès,HT0433,Terrier Rouge,Terrier Rouge, ,HT0433-02,2e Section Grand Bassin,2e Section Grand Bassin,14 253,7 069,7 184
434-01,1,HT,Haiti,Haïti,Ayiti,HT04,North-East,Nord-Est,Nòdès,HT0434,Caracol,Caracol, ,HT0434-01,1re Section Champin,1re Section Champin,6 038,2 846,3 192
434-02,2,HT,Haiti,Haïti,Ayiti,HT04,North-East,Nord-Est,Nòdès,HT0434,Caracol,Caracol, ,HT0434-02,"2e Section Glaudine ou ""Jacquesil""","2e Section Glaudine ou ""Jacquesil""",2 670,1 270,1 400
441-01,1,HT,Haiti,Haïti,Ayiti,HT04,North-East,Nord-Est,Nòdès,HT0441,Vallieres,Vallières, ,HT0441-01,1re Section Trois Palmistes,1re Section Trois Palmistes,13 100,6 325,6 776
441-02,2,HT,Haiti,Haïti,Ayiti,HT04,North-East,Nord-Est,Nòdès,HT0441,Vallieres,Vallières, ,HT0441-02,2e Section Ecrevisse ou Grosse Roche,2e Section Ecrevisse ou Grosse Roche,7 809,3 770,4 039
441-03,3,HT,Haiti,Haïti,Ayiti,HT04,North-East,Nord-Est,Nòdès,HT0441,Vallieres,Vallières, ,HT0441-03,3e Section Corosse,3e Section Corosse,5 643,2 725,2 919
442-01,1,HT,Haiti,Haïti,Ayiti,HT04,North-East,Nord-Est,Nòdès,HT0442,Carice,Carice, ,HT0442-01,1re Section Bois Camelle,1re Section Bois Camelle,2 839,1 381,1 458
442-02,2,HT,Haiti,Haïti,Ayiti,HT04,North-East,Nord-Est,Nòdès,HT0442,Carice,Carice, ,HT0442-02,2e Section Rose Bonite,2e Section Rose Bonite,12 522,6 192,6 330
443-01,1,HT,Haiti,Haïti,Ayiti,HT04,North-East,Nord-Est,Nòdès,HT0443,Mombin Crochu,Mombin Crochu, ,HT0443-01,1re Section Sans Souci,1re Section Sans Souci,15 646,7 816,7 831
443-02,2,HT,Haiti,Haïti,Ayiti,HT04,North-East,Nord-Est,Nòdès,HT0443,Mombin Crochu,Mombin Crochu, ,HT0443-02,2e Section Bois Laurence,2e Section Bois Laurence,23 501,11 739,11 762
511-01,1,HT,Haiti,Haïti,Ayiti,HT05,Artibonite,Artibonite,Latibonit,HT0511,Gonaives,Gonaïves, ,HT0511-01,1re Section Pont Tamarin,1re Section Pont Tamarin,246 671,128 387,118 284
511-02,2,HT,Haiti,Haïti,Ayiti,HT05,Artibonite,Artibonite,Latibonit,HT0511,Gonaives,Gonaïves, ,HT0511-02,2e Section Bassin,2e Section Bassin,117 831,61 313,56 518
511-03,3,HT,Haiti,Haïti,Ayiti,HT05,Artibonite,Artibonite,Latibonit,HT0511,Gonaives,Gonaïves, ,HT0511-03,3e Section Pte Riviere de Bayonnais,3e Section Pte Rivière de Bayonnais,27 433,14 169,13 264
511-04,4,HT,Haiti,Haïti,Ayiti,HT05,Artibonite,Artibonite,Latibonit,HT0511,Gonaives,Gonaïves, ,HT0511-04,4e Section Poteaux,4e Section Poteaux,17 715,9 142,8 572
511-05,5,HT,Haiti,Haïti,Ayiti,HT05,Artibonite,Artibonite,Latibonit,HT0511,Gonaives,Gonaïves, ,HT0511-05,5e Section Labranle,5e Section Labranle,12 600,6 501,6 099
512-01,1,HT,Haiti,Haïti,Ayiti,HT05,Artibonite,Artibonite,Latibonit,HT0512,Ennery,Ennery, ,HT0512-01,1re Section Savane Carree,1re Section Savane Carree,20 532,10 106,10 426
512-02,2,HT,Haiti,Haïti,Ayiti,HT05,Artibonite,Artibonite,Latibonit,HT0512,Ennery,Ennery, ,HT0512-02,2e Section Passe-Reine ou Bas d'Ennery,2e Section Passe-Reine ou Bas d'Ennery,20 134,9 979,10 154
512-03,3,HT,Haiti,Haïti,Ayiti,HT05,Artibonite,Artibonite,Latibonit,HT0512,Ennery,Ennery, ,HT0512-03,3e Section Chemin Neuf,3e Section Chemin Neuf,6 409,3 155,3 254
512-04,4,HT,Haiti,Haïti,Ayiti,HT05,Artibonite,Artibonite,Latibonit,HT0512,Ennery,Ennery, ,HT0512-04,4e Section Puilboreau,4e Section Puilboreau,13 624,6 742,6 883
513-01,1,HT,Haiti,Haïti,Ayiti,HT05,Artibonite,Artibonite,Latibonit,HT0513,L'Estere,L'Estère, ,HT0513-01,1re Section La Croix Perisse,1re Section La Croix Perisse,27 502,13 839,13 663
513-02,2,HT,Haiti,Haïti,Ayiti,HT05,Artibonite,Artibonite,Latibonit,HT0513,L'Estere,L'Estère, ,HT0513-02,2e Section Petite Desdunes,2e Section Petite Desdunes,26 012,13 089,12 924
521-01,1,HT,Haiti,Haïti,Ayiti,HT05,Artibonite,Artibonite,Latibonit,HT0521,Gros Morne,Gros Morne, ,HT0521-01,1re Section Boucan Richard,1re Section Boucan Richard,9 434,4 643,4 791
521-02,2,HT,Haiti,Haïti,Ayiti,HT05,Artibonite,Artibonite,Latibonit,HT0521,Gros Morne,Gros Morne, ,HT0521-02,2e Section Riviere Mancelle,2e Section Rivière Mancelle,17 312,8 519,8 793
521-03,3,HT,Haiti,Haïti,Ayiti,HT05,Artibonite,Artibonite,Latibonit,HT0521,Gros Morne,Gros Morne, ,HT0521-03,3e Section Riviere Blanche,3e Section Rivière Blanche,61 456,31 231,30 225
521-04,4,HT,Haiti,Haïti,Ayiti,HT05,Artibonite,Artibonite,Latibonit,HT0521,Gros Morne,Gros Morne, ,HT0521-04,4e Section l'Acul,4e Section l'Acul,21 063,10 367,10 696
521-05,5,HT,Haiti,Haïti,Ayiti,HT05,Artibonite,Artibonite,Latibonit,HT0521,Gros Morne,Gros Morne, ,HT0521-05,5e Section Pendu,5e Section Pendu,7 861,3 870,3 991
521-06,6,HT,Haiti,Haïti,Ayiti,HT05,Artibonite,Artibonite,Latibonit,HT0521,Gros Morne,Gros Morne, ,HT0521-06,6e Section Savane Carree,6e Section Savane Carree,28 770,14 161,14 609
521-07,7,HT,Haiti,Haïti,Ayiti,HT05,Artibonite,Artibonite,Latibonit,HT0521,Gros Morne,Gros Morne, ,HT0521-07,7e Section Moulin,7e Section Moulin,18 850,9 278,9 573
521-08,8,HT,Haiti,Haïti,Ayiti,HT05,Artibonite,Artibonite,Latibonit,HT0521,Gros Morne,Gros Morne, ,HT0521-08,8e Section Ravine Gros Morne,8e Section Ravine Gros Morne,19 752,9 722,10 030
522-01,1,HT,Haiti,Haïti,Ayiti,HT05,Artibonite,Artibonite,Latibonit,HT0522,Terre Neuve,Terre Neuve, ,HT0522-01,1re Section Doland,1re Section Doland,14 098,6 941,7 158
522-02,2,HT,Haiti,Haïti,Ayiti,HT05,Artibonite,Artibonite,Latibonit,HT0522,Terre Neuve,Terre Neuve, ,HT0522-02,2e Section Bois Neuf,2e Section Bois Neuf,10 409,5 036,5 373
522-03,3,HT,Haiti,Haïti,Ayiti,HT05,Artibonite,Artibonite,Latibonit,HT0522,Terre Neuve,Terre Neuve, ,HT0522-03,3e Section Lagon,3e Section Lagon,12 527,6 168,6 359
523-01,1,HT,Haiti,Haïti,Ayiti,HT05,Artibonite,Artibonite,Latibonit,HT0523,Anse Rouge,Anse Rouge, ,HT0523-01,1re Section l'Arbre,1re Section l'Arbre,20 912,10 374,10 538
523-02,2,HT,Haiti,Haïti,Ayiti,HT05,Artibonite,Artibonite,Latibonit,HT0523,Anse Rouge,Anse Rouge, ,HT0523-02,2e Section Sources Chaudes,2e Section Sources Chaudes,30 512,15 261,15 251
531-01,1,HT,Haiti,Haïti,Ayiti,HT05,Artibonite,Artibonite,Latibonit,HT0531,Saint-Marc,Saint-Marc, ,HT0531-01,1re Section Deluge,1re Section Deluge,26 350,13 424,12 926
531-02,2,HT,Haiti,Haïti,Ayiti,HT05,Artibonite,Artibonite,Latibonit,HT0531,Saint-Marc,Saint-Marc, ,HT0531-02,2e Section Bois Neuf,2e Section Bois Neuf,72 319,37 250,35 070
531-03,3,HT,Haiti,Haïti,Ayiti,HT05,Artibonite,Artibonite,Latibonit,HT0531,Saint-Marc,Saint-Marc, ,HT0531-03,3e Section Goyavier,3e Section Goyavier,12 757,6 349,6 407
531-04,4,HT,Haiti,Haïti,Ayiti,HT05,Artibonite,Artibonite,Latibonit,HT0531,Saint-Marc,Saint-Marc, ,HT0531-04,4e Section Lalouere,4e Section Lalouère,18 619,9 268,9 351
531-05,5,HT,Haiti,Haïti,Ayiti,HT05,Artibonite,Artibonite,Latibonit,HT0531,Saint-Marc,Saint-Marc, ,HT0531-05,5e Section Bocozelle,5e Section Bocozelle,72 191,36 936,35 256
531-06,6,HT,Haiti,Haïti,Ayiti,HT05,Artibonite,Artibonite,Latibonit,HT0531,Saint-Marc,Saint-Marc, ,HT0531-06,6e Section Charrette,6e Section Charrette,113 739,59 700,54 039
532-01,1,HT,Haiti,Haïti,Ayiti,HT05,Artibonite,Artibonite,Latibonit,HT0532,Verrettes,Verrettes, ,HT0532-01,1re Section Liancourt,1re Section Liancourt,45 420,22 858,22 562
532-02,2,HT,Haiti,Haïti,Ayiti,HT05,Artibonite,Artibonite,Latibonit,HT0532,Verrettes,Verrettes, ,HT0532-02,2e Section Belanger,2e Section Belanger,31 280,15 609,15 671
532-03,3,HT,Haiti,Haïti,Ayiti,HT05,Artibonite,Artibonite,Latibonit,HT0532,Verrettes,Verrettes, ,HT0532-03,3e Section Guillaume Moge (Quartier de Desarmes),3e Section Guillaume Moge (Quartier de Desarmes),16 963,8 510,8 453
532-04,4,HT,Haiti,Haïti,Ayiti,HT05,Artibonite,Artibonite,Latibonit,HT0532,Verrettes,Verrettes, ,HT0532-04,4e Section Desarmes (Quartier de Desarmes),4e Section Desarmes (Quartier de Desarmes),33 050,16 615,16 435
532-05,5,HT,Haiti,Haïti,Ayiti,HT05,Artibonite,Artibonite,Latibonit,HT0532,Verrettes,Verrettes, ,HT0532-05,5e Section Bastien,5e Section Bastien,30 414,15 288,15 126
532-06,6,HT,Haiti,Haïti,Ayiti,HT05,Artibonite,Artibonite,Latibonit,HT0532,Verrettes,Verrettes, ,HT0532-06,6e Section Terre Natte,6e Section Terre Natte,14 480,7 218,7 262
533-01,1,HT,Haiti,Haïti,Ayiti,HT05,Artibonite,Artibonite,Latibonit,HT0533,La Chapelle,La Chapelle, ,HT0533-01,1re Section Martineau,1re Section Martineau,14 531,7 098,7 433
533-02,2,HT,Haiti,Haïti,Ayiti,HT05,Artibonite,Artibonite,Latibonit,HT0533,La Chapelle,La Chapelle, ,HT0533-02,2e Section Bossous,2e Section Bossous,22 860,11 263,11 598
541-01,1,HT,Haiti,Haïti,Ayiti,HT05,Artibonite,Artibonite,Latibonit,HT0541,Dessalines,Dessalines, ,HT0541-01,1re Section Villars,1re Section Villars,35 518,17 564,17 953
541-02,2,HT,Haiti,Haïti,Ayiti,HT05,Artibonite,Artibonite,Latibonit,HT0541,Dessalines,Dessalines, ,HT0541-02,2e Section Fosse Naboth ou Duvallon,2e Section Fosse Naboth ou Duvallon,37 431,18 510,18 921
541-03,3,HT,Haiti,Haïti,Ayiti,HT05,Artibonite,Artibonite,Latibonit,HT0541,Dessalines,Dessalines, ,HT0541-03,3e Section Oge,3e Section Oge,80 512,40 257,40 255
541-04,4,HT,Haiti,Haïti,Ayiti,HT05,Artibonite,Artibonite,Latibonit,HT0541,Dessalines,Dessalines, ,HT0541-04,4e Section Poste Pierrot,4e Section Poste Pierrot,25 333,12 528,12 805
541-05,5,HT,Haiti,Haïti,Ayiti,HT05,Artibonite,Artibonite,Latibonit,HT0541,Dessalines,Dessalines, ,HT0541-05,5e Section Fiefe ou Petit Cahos,5e Section Fiefe ou Petit Cahos,13 606,6 726,6 880
541-06,6,HT,Haiti,Haïti,Ayiti,HT05,Artibonite,Artibonite,Latibonit,HT0541,Dessalines,Dessalines, ,HT0541-06,6e Section la Croix ou Grand Cahos,6e Section la Croix ou Grand Cahos,23 159,11 452,11 707
542-01,1,HT,Haiti,Haïti,Ayiti,HT05,Artibonite,Artibonite,Latibonit,HT0542,Petite Riviere de l'Artibonite,Petite Rivière de l'Artibonite, ,HT0542-01,1re Section Bas Coursin I,1re Section Bas Coursin I,49 260,24 011,25 249
542-02,2,HT,Haiti,Haïti,Ayiti,HT05,Artibonite,Artibonite,Latibonit,HT0542,Petite Riviere de l'Artibonite,Petite Rivière de l'Artibonite, ,HT0542-02,2e Section Bas Coursin II,2e Section Bas Coursin II,16 219,7 904,8 315
542-03,3,HT,Haiti,Haïti,Ayiti,HT05,Artibonite,Artibonite,Latibonit,HT0542,Petite Riviere de l'Artibonite,Petite Rivière de l'Artibonite, ,HT0542-03,3e Section Labady,3e Section Labady,70 678,36 092,34 586
542-04,4,HT,Haiti,Haïti,Ayiti,HT05,Artibonite,Artibonite,Latibonit,HT0542,Petite Riviere de l'Artibonite,Petite Rivière de l'Artibonite, ,HT0542-04,4e Section Savane a Roche,4e Section Savane à Roche,28 333,13 996,14 336
542-05,5,HT,Haiti,Haïti,Ayiti,HT05,Artibonite,Artibonite,Latibonit,HT0542,Petite Riviere de l'Artibonite,Petite Rivière de l'Artibonite, ,HT0542-05,5e Section Perodin,5e Section Perodin,18 739,9 133,9 606
542-06,6,HT,Haiti,Haïti,Ayiti,HT05,Artibonite,Artibonite,Latibonit,HT0542,Petite Riviere de l'Artibonite,Petite Rivière de l'Artibonite, ,HT0542-06,6e Section Medor,6e Section Medor,19 101,9 311,9 791
543-01,2,HT,Haiti,Haïti,Ayiti,HT05,Artibonite,Artibonite,Latibonit,HT0543,Grande Saline,Grande Saline, ,HT0543-01,1re Section Poteneau,1re Section Poteneau,27 537,13 016,14 521
544-01,1,HT,Haiti,Haïti,Ayiti,HT05,Artibonite,Artibonite,Latibonit,HT0544,Desdunes,Desdunes, ,HT0544-01,1re Section de Desdunes,1re Section de Desdunes,43 876,21 826,22 050
551-01,1,HT,Haiti,Haïti,Ayiti,HT05,Artibonite,Artibonite,Latibonit,HT0551,Saint-Michel de l'Attalaye,Saint-Michel de l'Attalaye, ,HT0551-01,1re Section Platana,1re Section Platana,36 483,18 601,17 882
551-02,2,HT,Haiti,Haïti,Ayiti,HT05,Artibonite,Artibonite,Latibonit,HT0551,Saint-Michel de l'Attalaye,Saint-Michel de l'Attalaye, ,HT0551-02,2e Section Camathe,2e Section Camathe,13 189,6 623,6 566
551-03,3,HT,Haiti,Haïti,Ayiti,HT05,Artibonite,Artibonite,Latibonit,HT0551,Saint-Michel de l'Attalaye,Saint-Michel de l'Attalaye, ,HT0551-03,3e Section Bas de Sault,3e Section Bas de Sault,24 224,12 299,11 925
551-04,4,HT,Haiti,Haïti,Ayiti,HT05,Artibonite,Artibonite,Latibonit,HT0551,Saint-Michel de l'Attalaye,Saint-Michel de l'Attalaye, ,HT0551-04,4e Section Lalomas,4e Section Lalomas,20 045,10 065,9 980
551-05,5,HT,Haiti,Haïti,Ayiti,HT05,Artibonite,Artibonite,Latibonit,HT0551,Saint-Michel de l'Attalaye,Saint-Michel de l'Attalaye, ,HT0551-05,5e Section l'Ermite,5e Section l'Ermite,12 136,6 094,6 041
551-06,6,HT,Haiti,Haïti,Ayiti,HT05,Artibonite,Artibonite,Latibonit,HT0551,Saint-Michel de l'Attalaye,Saint-Michel de l'Attalaye, ,HT0551-06,6e Section Lacedras,6e Section Lacedras,17 741,8 909,8 832
551-07,7,HT,Haiti,Haïti,Ayiti,HT05,Artibonite,Artibonite,Latibonit,HT0551,Saint-Michel de l'Attalaye,Saint-Michel de l'Attalaye, ,HT0551-07,7e Section Marmont,7e Section Marmont,23 877,11 998,11 878
551-08,8,HT,Haiti,Haïti,Ayiti,HT05,Artibonite,Artibonite,Latibonit,HT0551,Saint-Michel de l'Attalaye,Saint-Michel de l'Attalaye, ,HT0551-08,8e Section l'Attalaye,8e Section l'Attalaye,30 662,15 591,15 071
552-01,1,HT,Haiti,Haïti,Ayiti,HT05,Artibonite,Artibonite,Latibonit,HT0552,Marmelade,Marmelade, ,HT0552-01,1re Section Crete a Pins,1re Section Crête à Pins,20 179,9 871,10 307
552-02,2,HT,Haiti,Haïti,Ayiti,HT05,Artibonite,Artibonite,Latibonit,HT0552,Marmelade,Marmelade, ,HT0552-02,2e Section Bassin ou Billier,2e Section Bassin ou Billier,15 127,7 472,7 655
552-03,3,HT,Haiti,Haïti,Ayiti,HT05,Artibonite,Artibonite,Latibonit,HT0552,Marmelade,Marmelade, ,HT0552-03,3e Section Platon,3e Section Platon,9 793,4 837,4 956
611-01,1,HT,Haiti,Haïti,Ayiti,HT06,Centre,Centre,Sant,HT0611,Hinche,Hinche, ,HT0611-01,1re Section Juanaria,1re Section Juanaria,68 561,34 246,34 315
611-02,2,HT,Haiti,Haïti,Ayiti,HT06,Centre,Centre,Sant,HT0611,Hinche,Hinche, ,HT0611-02,2e Section Marmont,2e Section Marmont,18 889,9 214,9 676
611-03,3,HT,Haiti,Haïti,Ayiti,HT06,Centre,Centre,Sant,HT0611,Hinche,Hinche, ,HT0611-03,3e Section Aguahedionde (Rive Droite),3e Section Aguahedionde (Rive Droite),24 450,11 953,12 496
611-04,4,HT,Haiti,Haïti,Ayiti,HT06,Centre,Centre,Sant,HT0611,Hinche,Hinche, ,HT0611-04,4e Section Aguahedionde (Rive Gauche),4e Section Aguahedionde (Rive Gauche),25 059,12 223,12 836
612-01,1,HT,Haiti,Haïti,Ayiti,HT06,Centre,Centre,Sant,HT0612,Maissade,Maïssade, ,HT0612-01,1re Section Savane Grande,1re Section Savane Grande,40 252,19 634,20 618
612-02,2,HT,Haiti,Haïti,Ayiti,HT06,Centre,Centre,Sant,HT0612,Maissade,Maïssade, ,HT0612-02,2e Section Narang,2e Section Narang,10 356,4 994,5 362
612-03,3,HT,Haiti,Haïti,Ayiti,HT06,Centre,Centre,Sant,HT0612,Maissade,Maïssade, ,HT0612-03,3e Section Hatty,3e Section Hatty,16 182,7 803,8 380
613-01,1,HT,Haiti,Haïti,Ayiti,HT06,Centre,Centre,Sant,HT0613,Thomonde,Thomonde, ,HT0613-01,1re Section Cabral,1re Section Cabral,28 355,13 716,14 639
613-02,2,HT,Haiti,Haïti,Ayiti,HT06,Centre,Centre,Sant,HT0613,Thomonde,Thomonde, ,HT0613-02,2e Section Tierra Muscady,2e Section Tierra Muscady,15 652,7 391,8 261
613-03,3,HT,Haiti,Haïti,Ayiti,HT06,Centre,Centre,Sant,HT0613,Thomonde,Thomonde, ,HT0613-03,3e Section Baille Tourrible,3e Section Baille Tourrible,7 993,3 776,4 218
613-04,4,HT,Haiti,Haïti,Ayiti,HT06,Centre,Centre,Sant,HT0613,Thomonde,Thomonde, ,HT0613-04,La Hoye,La Hoye,18 119,8 556,9 563
614-01,1,HT,Haiti,Haïti,Ayiti,HT06,Centre,Centre,Sant,HT0614,Cerca Carvajal,Cerca Carvajal, ,HT0614-01,1re Section Rang,1re Section Rang,26 351,13 083,13 268
621-01,1,HT,Haiti,Haïti,Ayiti,HT06,Centre,Centre,Sant,HT0621,Mirebalais,Mirebalais, ,HT0621-01,1re Section Gascogne,1re Section Gascogne,25 566,12 555,13 011
621-02,2,HT,Haiti,Haïti,Ayiti,HT06,Centre,Centre,Sant,HT0621,Mirebalais,Mirebalais, ,HT0621-02,2e Section Sarazin,2e Section Sarazin,16 007,7 862,8 145
621-03,3,HT,Haiti,Haïti,Ayiti,HT06,Centre,Centre,Sant,HT0621,Mirebalais,Mirebalais, ,HT0621-03,3e Section Grand Boucan,3e Section Grand Boucan,18 579,9 124,9 455
621-04,4,HT,Haiti,Haïti,Ayiti,HT06,Centre,Centre,Sant,HT0621,Mirebalais,Mirebalais, ,HT0621-04,4e Section Crete Brûlee,4e Section Crête Brûlee,50 619,25 182,25 437
622-01,1,HT,Haiti,Haïti,Ayiti,HT06,Centre,Centre,Sant,HT0622,Saut d'Eau,Saut d'Eau, ,HT0622-01,1re Section Canot ou Riviere Canot,1re Section Canot ou Rivière Canot,15 532,7 439,8 093
622-02,2,HT,Haiti,Haïti,Ayiti,HT06,Centre,Centre,Sant,HT0622,Saut d'Eau,Saut d'Eau, ,HT0622-02,2e Section la Selle,2e Section la Selle,12 050,5 796,6 254
622-03,3,HT,Haiti,Haïti,Ayiti,HT06,Centre,Centre,Sant,HT0622,Saut d'Eau,Saut d'Eau, ,HT0622-03,3e Section Coupe Mardi Gras,3e Section Coupe Mardi Gras,9 797,4 718,5 079
622-04,4,HT,Haiti,Haïti,Ayiti,HT06,Centre,Centre,Sant,HT0622,Saut d'Eau,Saut d'Eau, ,HT0622-04,4e Section Montagne Terrible,4e Section Montagne Terrible,6 892,3 319,3 573
623-01,1,HT,Haiti,Haïti,Ayiti,HT06,Centre,Centre,Sant,HT0623,Boucan Carre,Boucan Carré, ,HT0623-01,1re Section Petite Montagne,1re Section Petite Montagne,11 288,5 411,5 878
623-02,2,HT,Haiti,Haïti,Ayiti,HT06,Centre,Centre,Sant,HT0623,Boucan Carre,Boucan Carré, ,HT0623-02,2e Section Boucan Carre,2e Section Boucan Carre,25 161,12 065,13 096
623-03,3,HT,Haiti,Haïti,Ayiti,HT06,Centre,Centre,Sant,HT0623,Boucan Carre,Boucan Carré, ,HT0623-03,3e Section des Bayes,3e Section des Bayes,27 039,12 971,14 068
631-01,1,HT,Haiti,Haïti,Ayiti,HT06,Centre,Centre,Sant,HT0631,Lascahobas,Lascahobas, ,HT0631-01,1re Section Petit Fond,1re Section Petit Fond,17 183,8 434,8 749
631-02,2,HT,Haiti,Haïti,Ayiti,HT06,Centre,Centre,Sant,HT0631,Lascahobas,Lascahobas, ,HT0631-02,2e Section Juampas,2e Section Juampas,34 797,17 384,17 413
632-01,1,HT,Haiti,Haïti,Ayiti,HT06,Centre,Centre,Sant,HT0632,Belladere,Belladère, ,HT0632-01,1re Section Renthe Mathe,1re Section Renthe Mathe,56 762,27 775,28 987
632-02,2,HT,Haiti,Haïti,Ayiti,HT06,Centre,Centre,Sant,HT0632,Belladere,Belladère, ,HT0632-02,2e Section Roye-Sec,2e Section Roye-Sec,20 101,9 682,10 419
632-03,3,HT,Haiti,Haïti,Ayiti,HT06,Centre,Centre,Sant,HT0632,Belladere,Belladère, ,HT0632-03,3e Section Riaribes,3e Section Riaribes,21 282,10 249,11 032
633-01,1,HT,Haiti,Haïti,Ayiti,HT06,Centre,Centre,Sant,HT0633,Savanette,Savanette, ,HT0633-01,1re Section de Savanette (Colombier),1re Section de Savanette (Colombier),10 567,5 156,5 411
633-02,2,HT,Haiti,Haïti,Ayiti,HT06,Centre,Centre,Sant,HT0633,Savanette,Savanette, ,HT0633-02,2e Section la Haye,2e Section la Haye,30 454,15 012,15 442
641-01,1,HT,Haiti,Haïti,Ayiti,HT06,Centre,Centre,Sant,HT0641,Cerca La Source,Cerca La Source, ,HT0641-01,1re Section Acaj ou Brûle No 1,1re Section Acaj ou Brûle No 1,23 152,11 320,11 831
641-02,2,HT,Haiti,Haïti,Ayiti,HT06,Centre,Centre,Sant,HT0641,Cerca La Source,Cerca La Source, ,HT0641-02,2e Section Acaj ou Brûle No 1,2e Section Acaj ou Brûle No 1,26 714,13 182,13 532
641-03,3,HT,Haiti,Haïti,Ayiti,HT06,Centre,Centre,Sant,HT0641,Cerca La Source,Cerca La Source, ,HT0641-03,3e Section Lamielle,3e Section Lamielle,14 194,6 939,7 254
642-01,1,HT,Haiti,Haïti,Ayiti,HT06,Centre,Centre,Sant,HT0642,Thomassique,Thomassique, ,HT0642-01,1re Section Matelgate,1re Section Matelgate,42 121,20 905,21 216
642-02,2,HT,Haiti,Haïti,Ayiti,HT06,Centre,Centre,Sant,HT0642,Thomassique,Thomassique, ,HT0642-02,2e Section Lociane,2e Section Lociane,29 520,14 580,14 940
711-01,1,HT,Haiti,Haïti,Ayiti,HT07,South,Sud,Sid,HT0711,Les Cayes,Les Cayes, ,HT0711-01,1re Section Bourdet,1re Section Bourdet,73 111,37 716,35 395
711-02,2,HT,Haiti,Haïti,Ayiti,HT07,South,Sud,Sid,HT0711,Les Cayes,Les Cayes, ,HT0711-02,2e Section Fonfrede,2e Section Fonfrède,7 645,3 705,3 939
711-03,3,HT,Haiti,Haïti,Ayiti,HT07,South,Sud,Sid,HT0711,Les Cayes,Les Cayes, ,HT0711-03,3e Section Laborde,3e Section Laborde,12 075,5 907,6 168
711-04,4,HT,Haiti,Haïti,Ayiti,HT07,South,Sud,Sid,HT0711,Les Cayes,Les Cayes, ,HT0711-04,4e Section Laurent,4e Section Laurent,45 283,23 384,21 899
711-05,5,HT,Haiti,Haïti,Ayiti,HT07,South,Sud,Sid,HT0711,Les Cayes,Les Cayes, ,HT0711-05,5e Section Mercy,5e Section Mercy,7 701,3 733,3 968
711-06,6,HT,Haiti,Haïti,Ayiti,HT07,South,Sud,Sid,HT0711,Les Cayes,Les Cayes, ,HT0711-06,6e Section Boulmier,6e Section Boulmier,9 035,4 379,4 656
712-01,1,HT,Haiti,Haïti,Ayiti,HT07,South,Sud,Sid,HT0712,Torbeck,Torbeck, ,HT0712-01,1re Section Boury,1re Section Boury,30 358,14 429,15 929
712-02,2,HT,Haiti,Haïti,Ayiti,HT07,South,Sud,Sid,HT0712,Torbeck,Torbeck, ,HT0712-02,2e Section Berault,2e Section Berault,18 837,8 936,9 902
712-03,3,HT,Haiti,Haïti,Ayiti,HT07,South,Sud,Sid,HT0712,Torbeck,Torbeck, ,HT0712-03,3e Section Solon,3e Section Solon,19 922,9 472,10 450
712-04,4,HT,Haiti,Haïti,Ayiti,HT07,South,Sud,Sid,HT0712,Torbeck,Torbeck, ,HT0712-04,4e Section Moreau,4e Section Moreau,8 547,4 061,4 486
713-01,1,HT,Haiti,Haïti,Ayiti,HT07,South,Sud,Sid,HT0713,Chantal,Chantal, ,HT0713-01,1re Section Fonds Palmiste,1re Section Fonds Palmiste,6 792,3 203,3 589
713-02,2,HT,Haiti,Haïti,Ayiti,HT07,South,Sud,Sid,HT0713,Chantal,Chantal, ,HT0713-02,2e Section Meloniere,2e Section Melonière,16 500,7 869,8 631
713-03,3,HT,Haiti,Haïti,Ayiti,HT07,South,Sud,Sid,HT0713,Chantal,Chantal, ,HT0713-03,3e Section Carrefour Canon,3e Section Carrefour Canon,11 538,5 443,6 095
714-01,1,HT,Haiti,Haïti,Ayiti,HT07,South,Sud,Sid,HT0714,Camp-Perrin,Camp-Perrin, ,HT0714-01,1re Section Levy Mersan,1re Section Levy Mersan,15 307,7 246,8 061
714-02,2,HT,Haiti,Haïti,Ayiti,HT07,South,Sud,Sid,HT0714,Camp-Perrin,Camp-Perrin, ,HT0714-02,2e Section Champlois,2e Section Champlois,19 839,9 440,10 399
714-03,3,HT,Haiti,Haïti,Ayiti,HT07,South,Sud,Sid,HT0714,Camp-Perrin,Camp-Perrin, ,HT0714-03,3e Section Tibi Davezac,3e Section Tibi Davezac,10 834,5 106,5 728
715-01,1,HT,Haiti,Haïti,Ayiti,HT07,South,Sud,Sid,HT0715,Maniche,Maniche, ,HT0715-01,1re Section Maniche,1re Section Maniche,8 924,4 178,4 746
715-02,2,HT,Haiti,Haïti,Ayiti,HT07,South,Sud,Sid,HT0715,Maniche,Maniche, ,HT0715-02,2e Section Dory,2e Section Dory,6 144,2 852,3 292
715-03,3,HT,Haiti,Haïti,Ayiti,HT07,South,Sud,Sid,HT0715,Maniche,Maniche, ,HT0715-03,3e Section Melon,3e Section Melon,9 364,4 349,5 015
716-01,1,HT,Haiti,Haïti,Ayiti,HT07,South,Sud,Sid,HT0716,Ile a Vache,Île à Vache, ,HT0716-01,1re Section Île a Vache,1re Section Île à Vache,15 720,7 270,8 449
721-01,1,HT,Haiti,Haïti,Ayiti,HT07,South,Sud,Sid,HT0721,Port-Salut,Port-Salut, ,HT0721-01,1re Section Barbois,1re Section Barbois,13 403,6 281,7 122
721-02,2,HT,Haiti,Haïti,Ayiti,HT07,South,Sud,Sid,HT0721,Port-Salut,Port-Salut, ,HT0721-02,2e Section Dumont,2e Section Dumont,6 092,2 929,3 163
722-01,1,HT,Haiti,Haïti,Ayiti,HT07,South,Sud,Sid,HT0722,Saint Jean du Sud,Saint Jean du Sud, ,HT0722-01,1re Section Tapion,1re Section Tapion,10 483,4 783,5 700
722-02,2,HT,Haiti,Haïti,Ayiti,HT07,South,Sud,Sid,HT0722,Saint Jean du Sud,Saint Jean du Sud, ,HT0722-02,2e Section Debouchette,2e Section Debouchette,6 864,3 132,3 732
722-03,3,HT,Haiti,Haïti,Ayiti,HT07,South,Sud,Sid,HT0722,Saint Jean du Sud,Saint Jean du Sud, ,HT0722-03,3e Section Trichet,3e Section Trichet,8 751,4 011,4 740
723-01,1,HT,Haiti,Haïti,Ayiti,HT07,South,Sud,Sid,HT0723,Arniquet,Arniquet, ,HT0723-01,1re Section Lazarre,1re Section Lazarre,2 348,1 084,1 264
723-02,2,HT,Haiti,Haïti,Ayiti,HT07,South,Sud,Sid,HT0723,Arniquet,Arniquet, ,HT0723-02,2e Section Anse a Drick,2e Section Anse à Drick,16 011,7 398,8 614
723-03,3,HT,Haiti,Haïti,Ayiti,HT07,South,Sud,Sid,HT0723,Arniquet,Arniquet, ,HT0723-03,3e Section d'Arniquet,3e Section d'Arniquet,11 428,5 264,6 164
731-01,1,HT,Haiti,Haïti,Ayiti,HT07,South,Sud,Sid,HT0731,Aquin,Aquin, ,HT0731-01,1re Section Macean,1re Section Macéan,9 559,4 712,4 847
731-02,2,HT,Haiti,Haïti,Ayiti,HT07,South,Sud,Sid,HT0731,Aquin,Aquin, ,HT0731-02,2e Section Bellevue,2e Section Bellevue,15 418,7 585,7 832
731-03,3,HT,Haiti,Haïti,Ayiti,HT07,South,Sud,Sid,HT0731,Aquin,Aquin, ,HT0731-03,3e Section Brodequin,3e Section Brodequin,14 424,7 210,7 214
731-04,4,HT,Haiti,Haïti,Ayiti,HT07,South,Sud,Sid,HT0731,Aquin,Aquin, ,HT0731-04,4e Section Flamands,4e Section Flamands,6 065,2 955,3 110
731-05,5,HT,Haiti,Haïti,Ayiti,HT07,South,Sud,Sid,HT0731,Aquin,Aquin, ,HT0731-05,5e Section Mare a Coiffe,5e Section Mare à Coiffe,7 836,3 818,4 018
731-06,6,HT,Haiti,Haïti,Ayiti,HT07,South,Sud,Sid,HT0731,Aquin,Aquin, ,HT0731-06,6e Section La Colline,6e Section La Colline,16 435,8 006,8 429
731-07,7,HT,Haiti,Haïti,Ayiti,HT07,South,Sud,Sid,HT0731,Aquin,Aquin, ,HT0731-07,7e Section Frangipane,7e Section Frangipane,11 423,5 565,5 857
731-08,8,HT,Haiti,Haïti,Ayiti,HT07,South,Sud,Sid,HT0731,Aquin,Aquin, ,HT0731-08,8e Section Colline a Mongons,8e Section Colline à Mongons,7 427,3 618,3 810
731-09,9,HT,Haiti,Haïti,Ayiti,HT07,South,Sud,Sid,HT0731,Aquin,Aquin, ,HT0731-09,9e Section Fond des Blancs,9e Section Fond des Blancs,7 983,3 902,4 080
731-10,10,HT,Haiti,Haïti,Ayiti,HT07,South,Sud,Sid,HT0731,Aquin,Aquin, ,HT0731-10,10e Section Guirand,10e Section Guirand,9 814,4 781,5 032
732-01,1,HT,Haiti,Haïti,Ayiti,HT07,South,Sud,Sid,HT0732,Saint louis du Sud,Saint louis du Sud, ,HT0732-01,1re Section Grand Fonds,1re Section Grand Fonds,2 854,1 397,1 457
732-02,2,HT,Haiti,Haïti,Ayiti,HT07,South,Sud,Sid,HT0732,Saint louis du Sud,Saint louis du Sud, ,HT0732-02,2e Section Baie Dumesle,2e Section Baie Dumesle,16 986,8 425,8 561
732-03,3,HT,Haiti,Haïti,Ayiti,HT07,South,Sud,Sid,HT0732,Saint louis du Sud,Saint louis du Sud, ,HT0732-03,3e Section Grenodiere,3e Section Grenodière,12 870,6 302,6 568
732-04,4,HT,Haiti,Haïti,Ayiti,HT07,South,Sud,Sid,HT0732,Saint louis du Sud,Saint louis du Sud, ,HT0732-04,4e Section Zanglais,4e Section Zanglais,9 003,4 408,4 596
732-05,5,HT,Haiti,Haïti,Ayiti,HT07,South,Sud,Sid,HT0732,Saint louis du Sud,Saint louis du Sud, ,HT0732-05,5e Section Sucrerie Henri,5e Section Sucrerie Henri,5 238,2 563,2 674
732-06,6,HT,Haiti,Haïti,Ayiti,HT07,South,Sud,Sid,HT0732,Saint louis du Sud,Saint louis du Sud, ,HT0732-06,6e Section Solon,6e Section Solon,8 302,4 065,4 237
732-07,7,HT,Haiti,Haïti,Ayiti,HT07,South,Sud,Sid,HT0732,Saint louis du Sud,Saint louis du Sud, ,HT0732-07,7e Section Cherette,7e Section Cherette,5 731,2 807,2 924
732-08,8,HT,Haiti,Haïti,Ayiti,HT07,South,Sud,Sid,HT0732,Saint louis du Sud,Saint louis du Sud, ,HT0732-08,8e Section Corail-Henri,8e Section Corail-Henri,5 290,2 591,2 699
733-01,1,HT,Haiti,Haïti,Ayiti,HT07,South,Sud,Sid,HT0733,Cavaillon,Cavaillon, ,HT0733-01,1re Section Boileau,1re Section Boileau,16 949,8 006,8 943
733-02,2,HT,Haiti,Haïti,Ayiti,HT07,South,Sud,Sid,HT0733,Cavaillon,Cavaillon, ,HT0733-02,2e Section Martineau,2e Section Martineau,13 898,6 608,7 290
733-03,3,HT,Haiti,Haïti,Ayiti,HT07,South,Sud,Sid,HT0733,Cavaillon,Cavaillon, ,HT0733-03,3e Section Gros Marin,3e Section Gros Marin,6 725,3 177,3 548
733-04,4,HT,Haiti,Haïti,Ayiti,HT07,South,Sud,Sid,HT0733,Cavaillon,Cavaillon, ,HT0733-04,4e Section Mare Henri,4e Section Mare Henri,8 375,3 957,4 418
733-05,5,HT,Haiti,Haïti,Ayiti,HT07,South,Sud,Sid,HT0733,Cavaillon,Cavaillon, ,HT0733-05,5e Section Laroque,5e Section Laroque,3 752,1 771,1 981
741-01,1,HT,Haiti,Haïti,Ayiti,HT07,South,Sud,Sid,HT0741,Coteaux,Côteaux, ,HT0741-01,1re Section Conde,1re Section Conde,6 775,3 228,3 547
741-02,2,HT,Haiti,Haïti,Ayiti,HT07,South,Sud,Sid,HT0741,Coteaux,Côteaux, ,HT0741-02,2e Section Despas,2e Section Despas,10 749,5 152,5 597
741-03,3,HT,Haiti,Haïti,Ayiti,HT07,South,Sud,Sid,HT0741,Coteaux,Côteaux, ,HT0741-03,3e Section Quentin,3e Section Quentin,4 221,2 012,2 209
742-01,1,HT,Haiti,Haïti,Ayiti,HT07,South,Sud,Sid,HT0742,Port-a-Piment,Port-à-Piment, ,HT0742-01,1re Section Paricot,1re Section Paricot,12 647,6 183,6 464
742-02,2,HT,Haiti,Haïti,Ayiti,HT07,South,Sud,Sid,HT0742,Port-a-Piment,Port-à-Piment, ,HT0742-02,2e Section Balais,2e Section Balais,6 668,3 234,3 434
743-01,1,HT,Haiti,Haïti,Ayiti,HT07,South,Sud,Sid,HT0743,Roche a Bateau,Roche à Bâteau, ,HT0743-01,1re Section Beaulieu,1re Section Beaulieu,13 433,6 399,7 034
743-02,2,HT,Haiti,Haïti,Ayiti,HT07,South,Sud,Sid,HT0743,Roche a Bateau,Roche à Bâteau, ,HT0743-02,2e Section Renaudin,2e Section Renaudin,1 908,908,999
743-03,3,HT,Haiti,Haïti,Ayiti,HT07,South,Sud,Sid,HT0743,Roche a Bateau,Roche à Bâteau, ,HT0743-03,3e Section Beauclos,3e Section Beauclos,3 435,1 639,1 796
751-01,1,HT,Haiti,Haïti,Ayiti,HT07,South,Sud,Sid,HT0751,Chardonnieres,Chardonnières, ,HT0751-01,1re Section Randel,1re Section Randel,9 882,4 579,5 303
751-02,2,HT,Haiti,Haïti,Ayiti,HT07,South,Sud,Sid,HT0751,Chardonnieres,Chardonnières, ,HT0751-02,2e Section Dejoie,2e Section Dejoie,6 282,2 895,3 387
751-03,3,HT,Haiti,Haïti,Ayiti,HT07,South,Sud,Sid,HT0751,Chardonnieres,Chardonnières, ,HT0751-03,3e Section Bony,3e Section Bony,9 601,4 471,5 129
752-01,1,HT,Haiti,Haïti,Ayiti,HT07,South,Sud,Sid,HT0752,Les Anglais,Les Anglais, ,HT0752-01,1re Section Verone,1re Section Verone,5 806,2 705,3 101
752-02,2,HT,Haiti,Haïti,Ayiti,HT07,South,Sud,Sid,HT0752,Les Anglais,Les Anglais, ,HT0752-02,2e Section Edelin,2e Section Edelin,3 986,1 858,2 128
752-03,3,HT,Haiti,Haïti,Ayiti,HT07,South,Sud,Sid,HT0752,Les Anglais,Les Anglais, ,HT0752-03,3e Section Cosse,3e Section Cosse,20 719,9 849,10 870
753-01,1,HT,Haiti,Haïti,Ayiti,HT07,South,Sud,Sid,HT0753,Tiburon,Tiburon, ,HT0753-01,1re Section Blactote,1re Section Blactote,11 102,5 337,5 766
753-02,2,HT,Haiti,Haïti,Ayiti,HT07,South,Sud,Sid,HT0753,Tiburon,Tiburon, ,HT0753-02,2e Section Nan Sevre,2e Section Nan Sevre,2 651,1 210,1 441
753-03,3,HT,Haiti,Haïti,Ayiti,HT07,South,Sud,Sid,HT0753,Tiburon,Tiburon, ,HT0753-03,3e Section Loby,3e Section Loby,6 370,2 906,3 464
753-04,4,HT,Haiti,Haïti,Ayiti,HT07,South,Sud,Sid,HT0753,Tiburon,Tiburon, ,HT0753-04,4e Section Dalmette,4e Section Dalmette,3 640,1 730,1 910
811-01,1,HT,Haiti,Haïti,Ayiti,HT08,Grande'Anse,Grande'Anse,Grandans,HT0811,Jeremie,Jérémie, ,HT0811-01,1re Section Basse Voldrogue,1re Section Basse Voldrogue,6 689,3 159,3 531
811-02,2,HT,Haiti,Haïti,Ayiti,HT08,Grande'Anse,Grande'Anse,Grandans,HT0811,Jeremie,Jérémie, ,HT0811-02,2e Section Haute Voldrogue,2e Section Haute Voldrogue,12 439,5 928,6 511
811-03,3,HT,Haiti,Haïti,Ayiti,HT08,Grande'Anse,Grande'Anse,Grandans,HT0811,Jeremie,Jérémie, ,HT0811-03,3e Section Haute Guinaudee,3e Section Haute Guinaudee,21 141,9 981,11 160
811-04,4,HT,Haiti,Haïti,Ayiti,HT08,Grande'Anse,Grande'Anse,Grandans,HT0811,Jeremie,Jérémie, ,HT0811-04,4e Section Basse Guinaudee,4e Section Basse Guinaudee,9 784,4 620,5 164
811-05,5,HT,Haiti,Haïti,Ayiti,HT08,Grande'Anse,Grande'Anse,Grandans,HT0811,Jeremie,Jérémie, ,HT0811-05,5e Section Ravine a Charles,5e Section Ravine à Charles,11 295,5 332,5 962
811-06,6,HT,Haiti,Haïti,Ayiti,HT08,Grande'Anse,Grande'Anse,Grandans,HT0811,Jeremie,Jérémie, ,HT0811-06,6e Section Îles Blanches,6e Section Îles Blanches,12 975,6 127,6 849
811-07,7,HT,Haiti,Haïti,Ayiti,HT08,Grande'Anse,Grande'Anse,Grandans,HT0811,Jeremie,Jérémie, ,HT0811-07,7e Section Marfranc ou Grande Riviere,7e Section Marfranc ou Grande Rivière,8 345,4 102,4 244
811-08,8,HT,Haiti,Haïti,Ayiti,HT08,Grande'Anse,Grande'Anse,Grandans,HT0811,Jeremie,Jérémie, ,HT0811-08,8e Section Fond Rouge Dahere,8e Section Fond Rouge Dahere,27 794,14 269,13 526
811-09,9,HT,Haiti,Haïti,Ayiti,HT08,Grande'Anse,Grande'Anse,Grandans,HT0811,Jeremie,Jérémie, ,HT0811-09,9e Section Fond Rouge Torbeck,9e Section Fond Rouge Torbeck,27 515,13 946,13 569
812-01,1,HT,Haiti,Haïti,Ayiti,HT08,Grande'Anse,Grande'Anse,Grandans,HT0812,Abricots,Abricots, ,HT0812-01,1re Section Anse du Clerc,1re Section Anse du Clerc,8 591,4 044,4 547
812-02,2,HT,Haiti,Haïti,Ayiti,HT08,Grande'Anse,Grande'Anse,Grandans,HT0812,Abricots,Abricots, ,HT0812-02,2e Section Balisiers,2e Section Balisiers,12 358,5 831,6 527
812-03,3,HT,Haiti,Haïti,Ayiti,HT08,Grande'Anse,Grande'Anse,Grandans,HT0812,Abricots,Abricots, ,HT0812-03,3e Section Danglise,3e Section Danglise,7 196,3 388,3 808
812-04,4,HT,Haiti,Haïti,Ayiti,HT08,Grande'Anse,Grande'Anse,Grandans,HT0812,Abricots,Abricots, ,HT0812-04,4e Section la Seringue,4e Section la Seringue,10 557,4 969,5 588
813-01,1,HT,Haiti,Haïti,Ayiti,HT08,Grande'Anse,Grande'Anse,Grandans,HT0813,Bonbon,Bonbon, ,HT0813-01,1re Section Desormeau ou Bonbon,1re Section Desormeau ou Bonbon,8 847,4 071,4 776
814-01,1,HT,Haiti,Haïti,Ayiti,HT08,Grande'Anse,Grande'Anse,Grandans,HT0814,Moron,Moron, ,HT0814-01,1re Section Anote ou 1re Tapion,1re Section Anote ou 1re Tapion,14 635,6 953,7 683
814-02,2,HT,Haiti,Haïti,Ayiti,HT08,Grande'Anse,Grande'Anse,Grandans,HT0814,Moron,Moron, ,HT0814-02,2e Section Sources Chaudes,2e Section Sources Chaudes,5 695,2 713,2 982
814-03,3,HT,Haiti,Haïti,Ayiti,HT08,Grande'Anse,Grande'Anse,Grandans,HT0814,Moron,Moron, ,HT0814-03,3e Section l'Assise ou Chameau,3e Section l'Assise ou Chameau,11 676,5 566,6 110
815-01,1,HT,Haiti,Haïti,Ayiti,HT08,Grande'Anse,Grande'Anse,Grandans,HT0815,Chambellan,Chambellan, ,HT0815-01,1re Section Dejean,1re Section Dejean,14 162,6 868,7 294
815-02,2,HT,Haiti,Haïti,Ayiti,HT08,Grande'Anse,Grande'Anse,Grandans,HT0815,Chambellan,Chambellan, ,HT0815-02,2e Section Boucan,2e Section Boucan,13 017,6 365,6 652
821-01,1,HT,Haiti,Haïti,Ayiti,HT08,Grande'Anse,Grande'Anse,Grandans,HT0821,Anse d'Hainault,Anse d'Hainault, ,HT0821-01,1re Section Grandoit,1re Section Grandoit,17 664,8 527,9 137
821-02,2,HT,Haiti,Haïti,Ayiti,HT08,Grande'Anse,Grande'Anse,Grandans,HT0821,Anse d'Hainault,Anse d'Hainault, ,HT0821-02,2e Section Boudon,2e Section Boudon,7 490,3 480,4 009
821-03,3,HT,Haiti,Haïti,Ayiti,HT08,Grande'Anse,Grande'Anse,Grandans,HT0821,Anse d'Hainault,Anse d'Hainault, ,HT0821-03,3e Section Îlet a Pierre Joseph,3e Section Îlet à Pierre Joseph,8 384,3 897,4 487
821-04,4,HT,Haiti,Haïti,Ayiti,HT08,Grande'Anse,Grande'Anse,Grandans,HT0821,Anse d'Hainault,Anse d'Hainault, ,HT0821-04,4e Section Mandou,4e Section Mandou,3 854,1 790,2 064
822-01,1,HT,Haiti,Haïti,Ayiti,HT08,Grande'Anse,Grande'Anse,Grandans,HT0822,Dame Marie,Dame Marie, ,HT0822-01,1re Section Bariadelle,1re Section Bariadelle,5 872,2 780,3 092
822-02,2,HT,Haiti,Haïti,Ayiti,HT08,Grande'Anse,Grande'Anse,Grandans,HT0822,Dame Marie,Dame Marie, ,HT0822-02,2e Section Dallier,2e Section Dallier,1 768,837,931
822-03,3,HT,Haiti,Haïti,Ayiti,HT08,Grande'Anse,Grande'Anse,Grandans,HT0822,Dame Marie,Dame Marie, ,HT0822-03,3e Section Desormeau,3e Section Desormeau,15 820,7 870,7 950
822-04,4,HT,Haiti,Haïti,Ayiti,HT08,Grande'Anse,Grande'Anse,Grandans,HT0822,Dame Marie,Dame Marie, ,HT0822-04,4e Section Petite Riviere,4e Section Petite Rivière,5 792,2 756,3 036
822-05,5,HT,Haiti,Haïti,Ayiti,HT08,Grande'Anse,Grande'Anse,Grandans,HT0822,Dame Marie,Dame Marie, ,HT0822-05,5e Section Baliverne,5e Section Baliverne,10 552,4 996,5 556
823-01,5,HT,Haiti,Haïti,Ayiti,HT08,Grande'Anse,Grande'Anse,Grandans,HT0823,Les Irois,Les Irois, ,HT0823-01,1re Section Matador (Jorgue),1re Section Matador (Jorgue),13 388,6 138,7 250
823-02,6,HT,Haiti,Haïti,Ayiti,HT08,Grande'Anse,Grande'Anse,Grandans,HT0823,Les Irois,Les Irois, ,HT0823-02,2e Section Belair,2e Section Belair,5 683,2 575,3 108
823-03,7,HT,Haiti,Haïti,Ayiti,HT08,Grande'Anse,Grande'Anse,Grandans,HT0823,Les Irois,Les Irois, ,HT0823-03,3e Section Garcasse,3e Section Garcasse,4 941,2 294,2 647
831-01,1,HT,Haiti,Haïti,Ayiti,HT08,Grande'Anse,Grande'Anse,Grandans,HT0831,Corail,Corail, ,HT0831-01,1re Section Duquillon,1re Section Duquillon,11 568,5 506,6 063
831-02,2,HT,Haiti,Haïti,Ayiti,HT08,Grande'Anse,Grande'Anse,Grandans,HT0831,Corail,Corail, ,HT0831-02,2e Section Fond d'Icaque,2e Section Fond d'Icaque,6 185,2 901,3 284
831-03,3,HT,Haiti,Haïti,Ayiti,HT08,Grande'Anse,Grande'Anse,Grandans,HT0831,Corail,Corail, ,HT0831-03,3e Section Champy (Nan Campeche),3e Section Champy (Nan Campêche),2 345,1 100,1 245
832-01,1,HT,Haiti,Haïti,Ayiti,HT08,Grande'Anse,Grande'Anse,Grandans,HT0832,Roseaux,Roseaux, ,HT0832-01,1re Section Carrefour Charles ou Jacqui,1re Section Carrefour Charles ou Jacqui,7 362,3 440,3 922
832-02,2,HT,Haiti,Haïti,Ayiti,HT08,Grande'Anse,Grande'Anse,Grandans,HT0832,Roseaux,Roseaux, ,HT0832-02,2e Section Fond Cochon ou Lopineau,2e Section Fond Cochon ou Lopineau,12 060,5 634,6 425
832-03,3,HT,Haiti,Haïti,Ayiti,HT08,Grande'Anse,Grande'Anse,Grandans,HT0832,Roseaux,Roseaux, ,HT0832-03,3e Section Grand Vincent,3e Section Grand Vincent,8 600,4 019,4 582
832-04,4,HT,Haiti,Haïti,Ayiti,HT08,Grande'Anse,Grande'Anse,Grandans,HT0832,Roseaux,Roseaux, ,HT0832-04,4e Section les Gommiers,4e Section les Gommiers,8 708,4 139,4 569
833-01,1,HT,Haiti,Haïti,Ayiti,HT08,Grande'Anse,Grande'Anse,Grandans,HT0833,Beaumont,Beaumont, ,HT0833-01,1re Section Beaumont,"1re Section Beaumont
",20 107,9 712,10 395
833-02,2,HT,Haiti,Haïti,Ayiti,HT08,Grande'Anse,Grande'Anse,Grandans,HT0833,Beaumont,Beaumont, ,HT0833-02,2e Section Chardonnette,"2e Section Chardonnette
",8 927,4 260,4 667
833-03,3,HT,Haiti,Haïti,Ayiti,HT08,Grande'Anse,Grande'Anse,Grandans,HT0833,Beaumont,Beaumont, ,HT0833-03,3e Section Mouline,3e Section Mouline,3 407,1 625,1 782
834-01,1,HT,Haiti,Haïti,Ayiti,HT08,Grande'Anse,Grande'Anse,Grandans,HT0834,Pestel,Pestel, ,HT0834-01,1re Section Bernagousse,1re Section Bernagousse,6 775,3 158,3 617
834-02,2,HT,Haiti,Haïti,Ayiti,HT08,Grande'Anse,Grande'Anse,Grandans,HT0834,Pestel,Pestel, ,HT0834-02,2e Section Espere,2e Section Espère,11 032,5 169,5 863
834-03,3,HT,Haiti,Haïti,Ayiti,HT08,Grande'Anse,Grande'Anse,Grandans,HT0834,Pestel,Pestel, ,HT0834-03,3e Section Jean Bellune,3e Section Jean Bellune,3 976,1 853,2 123
834-04,4,HT,Haiti,Haïti,Ayiti,HT08,Grande'Anse,Grande'Anse,Grandans,HT0834,Pestel,Pestel, ,HT0834-04,4e Section Tozia,4e Section Tozia,12 535,5 842,6 693
834-05,5,HT,Haiti,Haïti,Ayiti,HT08,Grande'Anse,Grande'Anse,Grandans,HT0834,Pestel,Pestel, ,HT0834-05,5e Section Duchity,5e Section Duchity,6 183,2 881,3 302
834-06,6,HT,Haiti,Haïti,Ayiti,HT08,Grande'Anse,Grande'Anse,Grandans,HT0834,Pestel,Pestel, ,HT0834-06,6e Section Les Îles Cayemittes,6e Section Les Îles Cayemittes,5 373,2 503,2 870
911-01,1,HT,Haiti,Haïti,Ayiti,HT09,North-West,Nord-Ouest,Nòdwès,HT0911,Port-de-Paix,Port-de-Paix, ,HT0911-01,1re Section Baudin,1re Section Baudin,65 332,33 863,31 469
911-02,2,HT,Haiti,Haïti,Ayiti,HT09,North-West,Nord-Ouest,Nòdwès,HT0911,Port-de-Paix,Port-de-Paix, ,HT0911-02,2e Section la Pointe,2e Section la Pointe,11 834,6 038,5 797
911-03,3,HT,Haiti,Haïti,Ayiti,HT09,North-West,Nord-Ouest,Nòdwès,HT0911,Port-de-Paix,Port-de-Paix, ,HT0911-03,3e Section Aubert,3e Section Aubert,106 513,55 361,51 152
911-04,4,HT,Haiti,Haïti,Ayiti,HT09,North-West,Nord-Ouest,Nòdwès,HT0911,Port-de-Paix,Port-de-Paix, ,HT0911-04,4e Section Mahotiere,4e Section Mahotière,30 513,15 566,14 947
911-05,5,HT,Haiti,Haïti,Ayiti,HT09,North-West,Nord-Ouest,Nòdwès,HT0911,Port-de-Paix,Port-de-Paix, ,HT0911-05,5e Section Bas des Moustiques,5e Section Bas des Moustiques,16 358,8 346,8 012
911-06,6,HT,Haiti,Haïti,Ayiti,HT09,North-West,Nord-Ouest,Nòdwès,HT0911,Port-de-Paix,Port-de-Paix, ,HT0911-06,6e Section la Corne,6e Section la Corne,12 542,6 399,6 144
912-01,1,HT,Haiti,Haïti,Ayiti,HT09,North-West,Nord-Ouest,Nòdwès,HT0912,La Tortue,La Tortue, ,HT0912-01,1re Section Pointe des Oiseaux,1re Section Pointe des Oiseaux,22 882,11 293,11 589
912-02,2,HT,Haiti,Haïti,Ayiti,HT09,North-West,Nord-Ouest,Nòdwès,HT0912,La Tortue,La Tortue, ,HT0912-02,2e Section Mare Rouge,2e Section Mare Rouge,23 440,11 616,11 824
913-01,1,HT,Haiti,Haïti,Ayiti,HT09,North-West,Nord-Ouest,Nòdwès,HT0913,Bassin Bleu,Bassin Bleu, ,HT0913-01,1re Section La Plate,1re Section La Plate,21 770,10 844,10 926
913-02,2,HT,Haiti,Haïti,Ayiti,HT09,North-West,Nord-Ouest,Nòdwès,HT0913,Bassin Bleu,Bassin Bleu, ,HT0913-02,2e Section Carreau Datty,2e Section Carreau Datty,13 591,6 769,6 822
913-03,3,HT,Haiti,Haïti,Ayiti,HT09,North-West,Nord-Ouest,Nòdwès,HT0913,Bassin Bleu,Bassin Bleu, ,HT0913-03,3e Section Haut des Moustiques,3e Section Haut des Moustiques,40 253,20 235,20 017
914-01,1,HT,Haiti,Haïti,Ayiti,HT09,North-West,Nord-Ouest,Nòdwès,HT0914,Chamsolme,Chamsolme, ,HT0914-01,1re Section Chansolme,1re Section Chansolme,20 679,10 554,10 124
914-02,2,HT,Haiti,Haïti,Ayiti,HT09,North-West,Nord-Ouest,Nòdwès,HT0914,Chamsolme,Chamsolme, ,HT0914-02,2e Source Beauvoir,2e Source Beauvoir,15 505,8 012,7 493
921-01,1,HT,Haiti,Haïti,Ayiti,HT09,North-West,Nord-Ouest,Nòdwès,HT0921,Saint-Louis du Nord,Saint-Louis du Nord, ,HT0921-01,1re Section Riviere des Negres,1re Section Rivière des Nègres,14 602,7 391,7 210
921-02,2,HT,Haiti,Haïti,Ayiti,HT09,North-West,Nord-Ouest,Nòdwès,HT0921,Saint-Louis du Nord,Saint-Louis du Nord, ,HT0921-02,2e Section Derourvay,2e Section Derourvay,45 633,24 001,21 632
921-03,3,HT,Haiti,Haïti,Ayiti,HT09,North-West,Nord-Ouest,Nòdwès,HT0921,Saint-Louis du Nord,Saint-Louis du Nord, ,HT0921-03,3e Section des Granges,3e Section des Granges,30 331,15 624,14 707
921-04,4,HT,Haiti,Haïti,Ayiti,HT09,North-West,Nord-Ouest,Nòdwès,HT0921,Saint-Louis du Nord,Saint-Louis du Nord, ,HT0921-04,4e Section Riviere de Barre,4e Section Rivière de Barre,21 489,10 863,10 626
921-05,5,HT,Haiti,Haïti,Ayiti,HT09,North-West,Nord-Ouest,Nòdwès,HT0921,Saint-Louis du Nord,Saint-Louis du Nord, ,HT0921-05,5e Section Bonneau,5e Section Bonneau,17 840,9 105,8 735
921-06,6,HT,Haiti,Haïti,Ayiti,HT09,North-West,Nord-Ouest,Nòdwès,HT0921,Saint-Louis du Nord,Saint-Louis du Nord, ,HT0921-06,6e Section Lafague (Chamoise),6e Section Lafague (Chamoise),8 769,4 431,4 338
922-01,1,HT,Haiti,Haïti,Ayiti,HT09,North-West,Nord-Ouest,Nòdwès,HT0922,Anse-a-Foleur,Anse-à-Foleur, ,HT0922-01,1re Section Bas de Sainte Anne,1re Section Bas de Sainte Anne,12 385,6 086,6 299
922-02,2,HT,Haiti,Haïti,Ayiti,HT09,North-West,Nord-Ouest,Nòdwès,HT0922,Anse-a-Foleur,Anse-à-Foleur, ,HT0922-02,2e Section Mayance,2e Section Mayance,7 635,3 753,3 882
922-03,3,HT,Haiti,Haïti,Ayiti,HT09,North-West,Nord-Ouest,Nòdwès,HT0922,Anse-a-Foleur,Anse-à-Foleur, ,HT0922-03,3e Section Cotes de Fer,3e Section Cotes de Fer,15 993,8 191,7 801
931-01,1,HT,Haiti,Haïti,Ayiti,HT09,North-West,Nord-Ouest,Nòdwès,HT0931,Mole Saint Nicolas,Môle Saint Nicolas, ,HT0931-01,1re Section de Cotes de Fer,1re Section de Cotes de Fer,19 148,9 224,9 924
931-02,2,HT,Haiti,Haïti,Ayiti,HT09,North-West,Nord-Ouest,Nòdwès,HT0931,Mole Saint Nicolas,Môle Saint Nicolas, ,HT0931-02,2e Section Mare-Rouge,2e Section Mare-Rouge,20 597,9 995,10 602
931-03,3,HT,Haiti,Haïti,Ayiti,HT09,North-West,Nord-Ouest,Nòdwès,HT0931,Mole Saint Nicolas,Môle Saint Nicolas, ,HT0931-03,3e Section Dame,3e Section Dame,611,298,313
932-01,1,HT,Haiti,Haïti,Ayiti,HT09,North-West,Nord-Ouest,Nòdwès,HT0932,Baie de Henne,Baie de Henne, ,HT0932-01,1re Section Citerne Remy,1re Section Citerne Remy,1 845,895,950
932-02,2,HT,Haiti,Haïti,Ayiti,HT09,North-West,Nord-Ouest,Nòdwès,HT0932,Baie de Henne,Baie de Henne, ,HT0932-02,2e Section Dos d'Ane,2e Section Dos d'Ane,5 690,2 763,2 927
932-03,3,HT,Haiti,Haïti,Ayiti,HT09,North-West,Nord-Ouest,Nòdwès,HT0932,Baie de Henne,Baie de Henne, ,HT0932-03,3e Section Reserve ou Ti Paradis,3e Section Reserve ou Ti Paradis,18 746,9 101,9 645
932-04,4,HT,Haiti,Haïti,Ayiti,HT09,North-West,Nord-Ouest,Nòdwès,HT0932,Baie de Henne,Baie de Henne, ,HT0932-04,4e Section l'Estere Dere,4e Section l'Estère Dere,6 237,3 049,3 188
933-01,1,HT,Haiti,Haïti,Ayiti,HT09,North-West,Nord-Ouest,Nòdwès,HT0933,Bombardopolis,Bombardopolis, ,HT0933-01,1re Section Plate Forme,1re Section Plate Forme,16 268,8 015,8 253
933-02,2,HT,Haiti,Haïti,Ayiti,HT09,North-West,Nord-Ouest,Nòdwès,HT0933,Bombardopolis,Bombardopolis, ,HT0933-02,2e Section des Forges,2e Section des Forges,16 594,8 006,8 588
933-03,3,HT,Haiti,Haïti,Ayiti,HT09,North-West,Nord-Ouest,Nòdwès,HT0933,Bombardopolis,Bombardopolis, ,HT0933-03,3e Section Plaine d'Orange,3e Section Plaine d'Orange,10 075,4 863,5 213
934-01,1,HT,Haiti,Haïti,Ayiti,HT09,North-West,Nord-Ouest,Nòdwès,HT0934,Jean Rabel,Jean Rabel, ,HT0934-01,1re Section Lacoma,1re Section Lacoma,30 110,14 802,15 308
934-02,2,HT,Haiti,Haïti,Ayiti,HT09,North-West,Nord-Ouest,Nòdwès,HT0934,Jean Rabel,Jean Rabel, ,HT0934-02,2e Section Guinaudee,2e Section Guinaudee,27 915,13 725,14 191
934-03,3,HT,Haiti,Haïti,Ayiti,HT09,North-West,Nord-Ouest,Nòdwès,HT0934,Jean Rabel,Jean Rabel, ,HT0934-03,3e Section Vieille Hatte,3e Section Vieille Hatte,33 308,16 523,16 785
934-04,4,HT,Haiti,Haïti,Ayiti,HT09,North-West,Nord-Ouest,Nòdwès,HT0934,Jean Rabel,Jean Rabel, ,HT0934-04,4e Section la Montagne,4e Section la Montagne,14 587,7 170,7 418
934-05,5,HT,Haiti,Haïti,Ayiti,HT09,North-West,Nord-Ouest,Nòdwès,HT0934,Jean Rabel,Jean Rabel, ,HT0934-05,5e Section Dessources,5e Section Dessources,26 564,13 379,13 185
934-06,6,HT,Haiti,Haïti,Ayiti,HT09,North-West,Nord-Ouest,Nòdwès,HT0934,Jean Rabel,Jean Rabel, ,HT0934-06,6e Section Grande Source,6e Section Grande Source,28 922,14 220,14 702
934-07,7,HT,Haiti,Haïti,Ayiti,HT09,North-West,Nord-Ouest,Nòdwès,HT0934,Jean Rabel,Jean Rabel, ,HT0934-07,7e Section Diondion,7e Section Diondion,15 473,7 606,7 867
1011-01,1,HT,Haiti,Haïti,Ayiti,HT10,Nippes,Nippes,Nip,HT1011,Miragoane,Miragoâne, ,HT1011-01,1re Section Chalon,1re Section Chalon,35 103,17 482,17 621
1011-02,2,HT,Haiti,Haïti,Ayiti,HT10,Nippes,Nippes,Nip,HT1011,Miragoane,Miragoâne, ,HT1011-02,2e Section Belle Riviere,2e Section Belle Rivière,9 701,4 702,5 000
1011-03,3,HT,Haiti,Haïti,Ayiti,HT10,Nippes,Nippes,Nip,HT1011,Miragoane,Miragoâne, ,HT1011-03,3e Section Dessources,3e Section Dessources,9 763,4 733,5 030
1011-04,4,HT,Haiti,Haïti,Ayiti,HT10,Nippes,Nippes,Nip,HT1011,Miragoane,Miragoâne, ,HT1011-04,4e Section St-Michel,4e Section St-Michel,9 664,4 797,4 867
1012-01,1,HT,Haiti,Haïti,Ayiti,HT10,Nippes,Nippes,Nip,HT1012,Petite Riviere de Nippes,Petite Rivière de Nippes, ,HT1012-01,1re Section Fond des Lianes,1re Section Fond des Lianes,9 964,4 720,5 244
1012-02,2,HT,Haiti,Haïti,Ayiti,HT10,Nippes,Nippes,Nip,HT1012,Petite Riviere de Nippes,Petite Rivière de Nippes, ,HT1012-02,2e Section Cholette,2e Section Cholette,6 235,2 935,3 301
1012-03,3,HT,Haiti,Haïti,Ayiti,HT10,Nippes,Nippes,Nip,HT1012,Petite Riviere de Nippes,Petite Rivière de Nippes, ,HT1012-03,3e Section Silegue,3e Section Silègue,9 979,4 726,5 252
1012-04,4,HT,Haiti,Haïti,Ayiti,HT10,Nippes,Nippes,Nip,HT1012,Petite Riviere de Nippes,Petite Rivière de Nippes, ,HT1012-04,4e Section Bezin,4e Section Bezin,3 153,1 483,1 669
 ,0,HT,Haiti,Haïti,Ayiti,HT10,Nippes,Nippes,Nip,HT1013,Fonds des Negres,Fonds des Nègres, ,HT1013-01,1er Section Bouzi,1er Section Bouzi,6 278,3 158,3 120
1013-01,1,HT,Haiti,Haïti,Ayiti,HT10,Nippes,Nippes,Nip,HT1013,Fonds des Negres,Fonds des Nègres, ,HT1013-02,2e Section Fond-des-Negres ou Morne Brice,2e Section Fond-des-Nègres ou Morne Brice,12 388,6 250,6 138
1013-03,3,HT,Haiti,Haïti,Ayiti,HT10,Nippes,Nippes,Nip,HT1013,Fonds des Negres,Fonds des Nègres, ,HT1013-03,3e Section Pemerle,3e Section Pemerle,9 765,4 822,4 943
1013-04,4,HT,Haiti,Haïti,Ayiti,HT10,Nippes,Nippes,Nip,HT1013,Fonds des Negres,Fonds des Nègres, ,HT1013-04,4e Section Cocoyers-Ducheine,4e Section Cocoyers-Ducheine,5 893,2 909,2 984
1014-01,1,HT,Haiti,Haïti,Ayiti,HT10,Nippes,Nippes,Nip,HT1014,Paillant,Paillant, ,HT1014-01,1re Section Salagnac,1re Section Salagnac,9 605,4 749,4 856
1014-02,2,HT,Haiti,Haïti,Ayiti,HT10,Nippes,Nippes,Nip,HT1014,Paillant,Paillant, ,HT1014-02,2e Section Bezin II,2e Section Bezin II,8 200,4 025,4 175
1021-01,1,HT,Haiti,Haïti,Ayiti,HT10,Nippes,Nippes,Nip,HT1021,Anse-a-Veau,Anse-à-Veau, ,HT1021-01,1re Section Baconnois-Grand-Fond,1re Section Baconnois-Grand-Fond,7 662,3 606,4 057
1021-02,2,HT,Haiti,Haïti,Ayiti,HT10,Nippes,Nippes,Nip,HT1021,Anse-a-Veau,Anse-à-Veau, ,HT1021-02,2e Section Grande-Riviere-Joly,2e Section Grande-Rivière-Joly,17 235,8 113,9 122
1021-03,3,HT,Haiti,Haïti,Ayiti,HT10,Nippes,Nippes,Nip,HT1021,Anse-a-Veau,Anse-à-Veau, ,HT1021-03,3e Section Saut du Baril,3e Section Saut du Baril,10 659,5 018,5 641
1022-01,1,HT,Haiti,Haïti,Ayiti,HT10,Nippes,Nippes,Nip,HT1022,Petit Trou de Nippes,Petit Trou de Nippes, ,HT1022-01,1re Section Raymond,1re Section Raymond,7 870,3 545,4 325
1022-02,2,HT,Haiti,Haïti,Ayiti,HT10,Nippes,Nippes,Nip,HT1022,Petit Trou de Nippes,Petit Trou de Nippes, ,HT1022-02,2e Section Tiby,2e Section Tiby,14 802,6 747,8 055
1022-03,3,HT,Haiti,Haïti,Ayiti,HT10,Nippes,Nippes,Nip,HT1022,Petit Trou de Nippes,Petit Trou de Nippes, ,HT1022-03,3e Section Lieve ou Vigny,3e Section Liève ou Vigny,8 136,3 678,4 458
1023-01,1,HT,Haiti,Haïti,Ayiti,HT10,Nippes,Nippes,Nip,HT1023,L'Asile,L'Asile, ,HT1023-01,4e Section Morisseau,4e Section Morisseau,4 802,2 279,2 523
1023-02,2,HT,Haiti,Haïti,Ayiti,HT10,Nippes,Nippes,Nip,HT1023,L'Asile,L'Asile, ,HT1023-02,2e Section Changeux (Quartier de Changeux),2e Section Changeux (Quartier de Changeux),10 035,4 792,5 243
1023-03,3,HT,Haiti,Haïti,Ayiti,HT10,Nippes,Nippes,Nip,HT1023,L'Asile,L'Asile, ,HT1023-03,1re Section l'Asile ou Nan Paul,1re Section l'Asile ou Nan Paul,8 834,4 230,4 604
1023-04,4,HT,Haiti,Haïti,Ayiti,HT10,Nippes,Nippes,Nip,HT1023,L'Asile,L'Asile, ,HT1023-04,3e Section Tournade (Quartier de Changeux),3e Section Tournade (Quartier de Changeux),18 520,8 820,9 700
1024-01,1,HT,Haiti,Haïti,Ayiti,HT10,Nippes,Nippes,Nip,HT1024,Arnaud,Arnaud, ,HT1024-01,1re Section Baconnois-Barreau,1re Section Baconnois-Barreau,8 950,4 234,4 715
1024-02,2,HT,Haiti,Haïti,Ayiti,HT10,Nippes,Nippes,Nip,HT1024,Arnaud,Arnaud, ,HT1024-02,2e Section Baquet,2e Section Baquet,6 187,2 896,3 291
1024-03,3,HT,Haiti,Haïti,Ayiti,HT10,Nippes,Nippes,Nip,HT1024,Arnaud,Arnaud, ,HT1024-03,3e Section Arnaud (Morcou),3e Section Arnaud (Morcou),6 146,2 923,3 224
1025-01,1,HT,Haiti,Haïti,Ayiti,HT10,Nippes,Nippes,Nip,HT1025,Plaisance du Sud,Plaisance du Sud, ,HT1025-01,1re Section Plaisance du Sud (ou ti François),1re Section Plaisance du Sud (ou ti François),10 413,4 776,5 638
1025-02,2,HT,Haiti,Haïti,Ayiti,HT10,Nippes,Nippes,Nip,HT1025,Plaisance du Sud,Plaisance du Sud, ,HT1025-02,2e Section Anse aux Pins,2e Section Anse aux Pins,9 640,4 394,5 246
1025-03,3,HT,Haiti,Haïti,Ayiti,HT10,Nippes,Nippes,Nip,HT1025,Plaisance du Sud,Plaisance du Sud, ,HT1025-03,3e Section Vassal Labiche,3e Section Vassal Labiche,7 934,3 616,4 319
1031-01,1,HT,Haiti,Haïti,Ayiti,HT10,Nippes,Nippes,Nip,HT1031,Baraderes,Baradères, ,HT1031-01,1re Section Gerin ou Mouton,1re Section Gerin ou Mouton,6 050,2 764,3 286
1031-02,2,HT,Haiti,Haïti,Ayiti,HT10,Nippes,Nippes,Nip,HT1031,Baraderes,Baradères, ,HT1031-02,2e Section Tete d'Eau,2e Section Tête d'Eau,8 767,3 999,4 767
1031-03,3,HT,Haiti,Haïti,Ayiti,HT10,Nippes,Nippes,Nip,HT1031,Baraderes,Baradères, ,HT1031-03,3e Section Fond Tortue,3e Section Fond Tortue,10 747,4 919,5 828
1031-04,4,HT,Haiti,Haïti,Ayiti,HT10,Nippes,Nippes,Nip,HT1031,Baraderes,Baradères, ,HT1031-04,4e Section la Plaine,4e Section la Plaine,7 883,3 598,4 284
1031-05,5,HT,Haiti,Haïti,Ayiti,HT10,Nippes,Nippes,Nip,HT1031,Baraderes,Baradères, ,HT1031-05,5e Section Riviere Salee,5e Section Rivière Salee,8 656,3 954,4 703
1032-01,1,HT,Haiti,Haïti,Ayiti,HT10,Nippes,Nippes,Nip,HT1032,Grand-Boucan,Grand-Boucan, ,HT1032-01,1re Section Grand-Boucan,1re Section Grand-Boucan,3 841,1 768,2 073
1032-02,2,HT,Haiti,Haïti,Ayiti,HT10,Nippes,Nippes,Nip,HT1032,Grand-Boucan,Grand-Boucan, ,HT1032-02,2e Section Eaux Basses,2e Section Eaux Basses,2 132,1 025,1 107